CÓDIGO;NOMBRE DEL ALIMENTO;"Energía
<ENERC>";"Energía
<ENERC>";"Agua
<WATER>";"Proteínas
<PROCNT>";"Grasa 
total
<FAT>";"Carbohidratos
totales
<CHOCDF>";"Carbohidratos
disponibles
<CHOAVL>";"Fibra dietaria
<FIBTG>";"Cenizas
<ASH>";"Calcio
<CA>";"Fósforo
<P>";"Zinc
<ZN>";"Hierro
<FE>";"β caroteno
equivalentes
totales
<CARTBQ>";"Vitamina A 
equivalentes
totales
<VITA>";"Tiamina
<THIA>";"Riboflavina
<RIBF>";"Niacina
<NIA>";"Vitamina C
<VITC>";"Ácido 
fólico";"Sodio
<NA>";"Potasio
<K>"
;;kcal;kJ;g;g;g;g;g;g;g;mg;mg;mg;mg;µg;µg;mg;mg;mg;mg;µg;mg;mg
A1;Achita, kiwicha o achis;351;1469;9.2;12.8;6.6;69.1;59.8;9.3;2.3;236;453;2.68;7.32;57;10;0.09;0.18;1.58;1.3;-;-;-
A2;Arroz pilado o pulido cocido;115;480;72.2;2.4;0.1;25.2;-;-;0.1;11;30;0.42;0.3;-;0;0;0;0.24;0;-;18;98
A3;Arroz blanco corriente;358;1500;13.4;7.8;0.7;77.6;-;-;0.5;6;134;1.51;1.04;0;0;0.11;0.04;2.19;0.9;-;19;148
A4;Arroz con cáscara;332;1388;11.9;5.9;2;75.7;71.6;4.1;4.5;40;185;0.2;-;-;0;0.16;0.07;3.85;0;-;19;148
A5;Avena envasada;380;1592;6.1;13.7;4.7;71.3;-;-;4.2;51;713;3.97;3.5;-;0;0.55;0.12;1.5;0;-;2;211
A6;Avena, hojuela cocida;54;224;87.1;1.3;0.5;10.9;-;-;0.2;21;42;-;0.5;-;-;0;0.01;0.22;0;-;-;-
A7;Avena, hojuela cruda;333;1394;8.8;13.3;4;72.2;61.6;10.6;1.7;49;407;3.97;4.1;-;0;0.15;0.09;1;0;-;2;211
A8;Cañihua, variedad amarilla;381;1595;10.7;15.7;7.5;62.5;-;-;3.5;87;335;;10.8;-;-;0.62;0.51;1.2;2.2;-;-;-
A9;Cañihua gris;356;1488;12.4;14;4.5;64;-;-;5.1;110;375;-;13;-;-;0.47;0.65;1.13;1.1;-;-;-
A10;Cañihua, hojuela de;318;1331;11.4;14.5;8.9;61;45.5;15.5;4.2;141;320;4.55;17.07;-;-;0.67;0.3;1.45;0;-;-;-
A11;Cañihua parda;355;1487;12.2;13.8;3.5;66.2;-;-;4.3;171;496;-;15;-;-;0.57;0.75;1.56;0;-;-;-
A12;Cebada con cáscara;284;1190;9.7;8.4;2;77.5;60.2;17.3;2.4;61;320;2.78;4.58;313;54;0.24;0.08;7.86;0;-;-;-
A13;Cebada, llunka de (morón americano);249;1041;18.5;1.9;0.7;77.1;59.8;17.3;1.8;42;283;2.77;9.7;-;1;0.25;0.18;2.25;2.1;-;-;-
A14;Cebada, mashka o machica;302;1265;10;8.6;0.7;77.4;67.3;10.1;3.3;74;320;2;12.3;-;0;0.12;0.25;8.7;1.9;-;-;-
A15;Cebada para mote, pelada;328;1372;15.4;8.2;1.1;73.3;-;-;2;47;202;-;3.6;-;0;0.07;0.11;8.75;0;-;-;-
A16;Cebada tostada, harina integral;274;1147;5.6;8.7;3.2;80.2;54.8;25.4;2.5;-;-;-;9.6;-;-;-;-;-;-;-;-;-
A17;Cebada perlada o resbalada cocida;59;248;81;1;0.1;17.7;13.9;3.8;0.2;9;35;0.82;0.9;-;0;0;0.01;0.58;0;-;-;-
A18;Cebada perlada o resbalada cruda;277;1161;13.3;5.3;0.6;79.8;64.2;15.6;1;18;162;2.13;4;-;1;0.03;0.04;3.5;2;-;-;-
A19;Cebada tostada y molida (chaquepa);349;1460;9.9;7.7;0.8;79.7;-;-;1.9;55;253;-;7.1;-;0;0.12;0.18;9.6;0;-;-;-
A20;Chancay (bizcocho);355;1485;19.4;8.8;6.9;64.4;-;-;0.5;47;108;-;1;-;0;0.11;0.23;1.06;0;-;-;-
A21;Fideo crudo fortificado con hierro;337;1412;12.1;9.4;0.2;77.7;74.5;3.2;0.6;24;150;1.26;5.5;-;0;0.13;0.13;1.5;0;-;-;-
A22;Fideo tallarín crudo fortificado con hierro;305;1274;20.4;9.5;0.1;69.6;66.4;3.2;0.4;40;137;1.26;5.5;-;0;0.12;0.08;1;0;-;-;-
A23;Fideo tallarín sancochado fortiticado con hierro;90;378;75.5;3.1;0;21.3;19.5;1.8;0.1;25;25;0.5;1.35;-;0;0.02;0.04;0.17;0;-;-;-
A24;Galleta de soda (salada);433;1810;4.8;10.1;14.7;68;65;3;2.4;38;134;0.83;1.5;-;0;0.17;0.1;1.17;0;-;-;-
A25;Galleta de vainilla (dulce);434;1814;4.8;6;12.7;74.9;73.8;1.1;1.6;22;665;0.64;0.6;-;0;0.04;0.04;0.5;0;-;-;-
A26;Maíz alazán;346;1449;13.7;8.2;3.7;72.7;-;-;1.7;14;377;-;0.7;-;16;0.32;0.22;2.15;2.5;-;-;-
A27;Maíz alazán, jora fresca de;289;1210;28.1;5.4;2.8;62.3;-;-;1.4;23;275;-;-;-;4;0.28;0.4;3.4;-;-;-;-
A28;Maíz alazán, jora seca de;347;1450;13.8;7;3.6;73.8;-;-;1.8;38;346;-;0.5;-;6;0.38;0.29;3.6;-;-;-;-
A29;Maíz amarillo;355;1486;13.5;6.7;4.8;73.6;-;-;1.4;6;267;1.51;1.92;352;61;0.29;0.06;2.17;0.7;-;-;-
A30;Maíz blanco crudo;343;1437;12.7;5.9;4;76.1;72.9;3.2;1.3;5;249;1.91;1.48;0;1;0.25;0.05;2.26;2.6;-;-;-
A31;Maíz blanco tostado;389;1628;4.6;7.2;4.6;82.1;-;-;1.5;6;270;-;2.6;-;-;0.01;0.01;0.54;0;-;-;-
A32;Maíz cancha tostada de;342;1429;9.5;6.7;2.7;79.8;74.6;5.2;1.3;11;221;0.58;2.7;-;2;0.15;0.34;2.73;9.8;-;-;-
A33;Maíz, chochoca de;349;1462;13;5.2;2.5;78;-;-;1.3;12;190;-;1.5;-;0;0.33;0.11;2.85;0.7;-;-;-
A34;Maíz, grano fresco (choclo);104;437;67.3;3.3;0.8;27.8;25.1;2.7;0.8;8;113;0.45;0.8;-;0;0.14;0.07;1.44;4.8;-;-;-
A35;Maíz, germinado seco;314;1313;22;6.2;3.2;67;-;-;1.6;22;285;-;0.4;-;4;0.28;0.36;3.02;-;-;-;-
A36;Maíz, harina de;326;1366;11.9;8.7;6.5;71.2;61.6;9.6;1.7;64;454;1.73;2;-;0;0.45;0.13;2.25;1.2;-;-;-
A37;Maiz, maicena;365;1529;8.3;0.3;0.1;91.3;90.4;0.9;0.1;2;13;0.06;-;-;1;0;0;0;0;-;-;-
A38;Maíz, morado sin coronta;355;1487;11.4;7.3;3.4;76.2;-;-;1.7;12;328;-;0.2;-;8;0.38;0.22;2.84;2.1;-;-;-
A39;Maíz, mote de (sancochado);103;431;74.5;2.6;1.3;21.1;-;-;0.5;14;78;-;1.2;-;0;0.03;0.09;0.54;0;-;-;-
A40;Maíz, pachuco de;349;1459;13.4;7.3;3.9;73.5;-;-;1.9;89;348;-;3.7;-;5;0.41;0.31;2.87;3.9;-;-;-
A41;Maíz, para mote pelado;349;1461;12.6;5.9;2.1;78.3;-;-;1.1;47;187;-;3.8;-;0;0.16;0.08;2.64;1.9;-;-;-
A42;Maíz, para mote sin pelar;345;1445;12.8;5.7;1.5;78.7;-;-;1.3;9;166;-;4.4;-;0;0.26;0.14;2.63;2.1;-;-;-
A43;Maíz, polenta cruda de;324;1358;13.3;8.3;1.2;74;72.4;1.6;3.2;70;58;0.41;2;-;0;0.09;0.06;4.45;0.9;-;-;-
A44;Maíz, tocosh crudo;192;803;52.7;2.6;2.2;41.3;-;-;1.2;11;44;-;-;-;0;0.02;0.2;1.25;0.8;-;-;-
A45;Pan de cebada (serrano);295;1236;24.4;7.2;0.2;66.2;-;-;2;60;224;-;6.5;-;0;0.3;0.23;6.35;-;-;-;-
A46;Pan de labranza;328;1374;17.3;9.6;0.3;71.8;-;-;1;40;107;-;1.6;-;0;0.13;0.14;1.22;1;-;-;-
A47;Pan de molde;317;1326;20.8;6.8;2.5;69.2;66.8;2.4;0.7;13;60;0.74;0.4;-;0;0.08;0.16;1.22;0;-;-;-
A48;Pan bollo o bollitos de queso de Huancavelica;310;1297;30.3;9.5;7.3;51.7;-;-;1.2;-;-;-;5.29;-;-;1.05;0.34;4.19;-;233;-;-
A49;Pan francés fortificado con hierro;277;1161;27;8.4;0.2;62.9;60.5;2.4;1.5;35;101;0.74;3.14;-;0;0.33;0.26;3.14;1;-;-;-
A50;Quinua, afrecho de;351;1467;14.1;10.7;4.5;65.9;-;-;4.8;573;342;-;4;-;0;0.21;0.22;1;-;-;-;-
A51;Quinua blanca, (Junín);334;1396;12.8;12.5;6.5;66;56;10;2.2;85;155;3.54;3.03;0;0;0.4;0.77;-;0;-;30;776
A52;Quinua blanca (Puno);355;1484;11.1;13.3;6.1;67.1;61.2;5.9;2.4;120;165;2.5;4.31;330;0;0.4;0.24;1.8;0;-;30;776
A53;Quinua cocida;89;372;79;2.8;1.3;16.3;-;-;0.6;27;61;-;1.6;-;-;0.01;0;0.26;0;-;24;472
A54;Quinua;351;1470;11.5;13.6;5.8;66.6;60.7;5.9;2.5;56;242;3.3;7.5;-;0;0.48;0.03;1.4;0.5;-;30;776
A55;Quinua dulce, blanca (Junín);361;1510;11.1;11.1;7.7;67.4;61.5;5.9;2.7;93;355;3.3;4.3;-;0;0.59;0.3;1.23;2.2;-;30;776
A56;Quinua dulce, blanca (Puno);349;1459;11.2;11.6;5.3;68.9;63;5.9;3;115;226;3.3;5.3;-;0;0.73;0.21;1.09;1.1;-;30;776
A57;Quinua dulce, rosada (Junín);360;1506;11;12.3;7.2;67.1;61.2;5.9;2.4;80;344;3.3;4.3;-;0;1;0.3;1.23;1.1;-;30;776
A58;Quinua, harina de;337;1408;11.7;12.4;6;67.2;57.9;9.3;2.8;104;330;5.19;9.65;-;0;0.19;0.24;0.68;-;-;2;913
A59;Quinua, hojuelas de;376;1572;13.4;13.9;7.4;63.1;-;-;2.6;114;60;3.72;5.46;-;0;0.13;0.38;1.1;-;-;-;-
A60;Quinua rosada (Puno);356;1490;10.2;12.5;6.4;67.6;61.7;5.9;3.3;124;205;3.3;5.2;-;0;0.24;0.25;1.6;0;-;30;776
A61;Quinua, sémola de;362;1516;12.6;19.5;10.7;53.8;47.9;5.9;3.4;76;-;3.3;3.6;-;0;0.21;0.25;1.84;0;-;-;-
A62;Sorgo;309;1292;12.2;8;4;72.8;66.5;6.3;3;50;370;-;4.3;-;0;0.25;0.23;3.85;0.9;-;-;-
A63;Trigo, harina fortificada con hierro de;362;1517;10.8;10.5;2;76.3;73.6;2.7;0.4;36;108;0.7;5.5;-;0;0.5;0.4;4.8;1.8;-;-;-
A64;Trigo, llunka de;312;1307;16.1;9.1;1;71.8;-;-;2;60;250;-;1.6;-;0;0.33;0.26;1.95;2;-;-;-
A65;Trigo, harina tostada de (machica);330;1382;9;7.9;1.2;79.9;77.2;2.7;2;67;300;0.7;0.9;-;0;0.1;0.48;2.11;2.7;-;-;-
A66;Trigo, mote de (sancochado);154;644;59;2.5;0.6;37;-;-;0.9;38;118;-;2.5;-;0;0.01;0.07;1.57;0.4;-;26;226
A67;Trigo para mote pelado cocido;63;265;82.9;1.9;0.1;14.7;-;-;0.4;29;45;-;0.4;-;-;0;0;0.73;0;-;26;226
A68;Trigo para mote pelado crudo;325;1359;12.5;9.8;0.9;74.6;-;-;2.2;80;274;-;2.5;-;-;0.18;0.23;4;0.9;-;-;-
A69;Trigo, pelado;330;1379;12.6;8.4;1.4;76.1;-;-;1.5;51;293;-;4.6;-;0;0.22;0.15;3.85;-;-;30;515
A70;Trigo resbalado cocido;83;347;77.9;2.8;0.3;18.6;-;-;0.4;5;66;-;0.5;-;-;0.06;0.02;0.9;0.7;-;26;226
A71;Trigo resbalado crudo;327;1370;13.5;11.4;1.8;71.8;-;-;1.5;17;299;-;4.8;-;-;0.3;0.17;5;4.5;-;30;515
A72;Trigo, sémola de;319;1334;12.1;7.8;1.1;78.4;74.5;3.9;0.6;40;125;1.05;0.8;-;0;0.14;0.08;1.21;0;-;-;-
A73;Trigo;289;1210;11.6;10.3;1.9;74.7;62.5;12.2;1.5;36;314;2.98;3.87;169;28;0.42;0.17;3.89;4.8;-;30;515
A74;Barra de cereales (avena y arrocillo) con maní y pasas;391;1637;8.8;5.8;9.4;74.9;70.9;4;1.2;-;-;-;10.01;-;-;-;-;-;-;-;223;188
A75;Barra de cereales con sabor a chocolate y chocochips;386;1615;6.7;4.9;8.5;78.6;72.4;6.2;1.3;-;-;-;12.12;-;-;-;-;-;-;-;224;120
A76;Barra de cereales (avena, arroz) con aguaymanto;371;1551;8.5;5.3;7.3;77.6;71;6.6;1.3;-;-;-;11.2;-;-;-;-;-;-;-;209;295
A77;Barradecereales(maíz,trigo,arroz)saboramielconleche,vitaminasyminerales;397;1660;6.4;4.4;8.5;79;75.5;3.4;1.6;-;-;-;10.82;-;-;-;-;-;-;-;110;69
A78;Bollito de maíz de Huánuco;426;1781;13.1;9.6;17.5;57.5;-;-;2.4;-;-;-;2.95;-;-;0.39;0.33;2.48;-;195;-;-
A79;Bollito de yema de Huánuco;384;1606;18;9.9;12.6;57.5;-;-;1.9;-;-;-;4.23;-;-;0.72;0.27;3.3;-;165;-;-
A80;Cañihua, harina de;327;1367;10.2;15.2;8.3;63;48.2;14.9;3.3;182;350;5.68;15.2;-;-;-;-;-;-;-;11;1500
A81;Cañihua, variedad roja;381;1594;10.7;15.4;7.5;62.7;-;-;3.7;-;-;-;-;-;-;-;-;-;-;-;-;-
A82;Cañihua, variedad blanca;382;1597;10.7;15.4;7.7;62.5;-;-;3.7;-;-;-;-;-;-;-;-;-;-;-;-;-
A83;Galleta de soda (San Jorge);440;1843;3.9;9.3;13.3;70.8;-;-;2.7;68;-;0.83;7.7;-;0;-;-;-;0;-;-;-
A84;Galleta de vainilla (Field);462;1933;2.7;7.3;15.6;73.1;-;-;1.3;-;-;-;4.4;-;-;-;-;-;-;-;-;-
A85;Galleta dulce con avena y base sabor a chocolate (con fibra);461;1929;2.9;6.7;19.8;69;64.1;4.9;1.6;-;-;-;2.8;-;-;-;-;-;-;-;253;255
A86;Galleta dulce con avena y base sabor a frutos rojos;465;1946;2.7;6.7;20.8;68;62.8;5.1;1.9;-;-;-;2.81;-;-;-;-;-;-;-;330;188
A87;Galleta dulce con avena y granola (con fibra);444;1859;3.2;8;16.9;70.2;65.2;5;1.7;-;-;-;2.56;-;-;-;-;-;-;-;301;207
A88;Galleta dulce con avena, manzana y canela (con fibra);426;1784;3.4;7.2;14.3;73.6;67.4;6.2;1.7;-;-;-;2.01;-;-;-;-;-;-;-;302;196
A89;Galleta dulce con avena y uvas pasas (con fibra);433;1812;3.3;7.2;14.9;73;67.6;5.4;1.7;-;-;-;3.44;-;-;-;-;-;-;-;323;200
A90;Galleta dulce con relleno (Casino);499;2087;1.9;4.7;22;70.5;-;-;0.9;27;-;0.4;5.2;-;0;-;-;-;0;-;-;-
A91;Galleta dulce con relleno “chocolate” (Coronita);492;2058;2.5;5.7;21.1;69.8;-;-;0.9;21;-;0.98;3.7;-;0;-;-;-;0;-;-;-
A92;Galletas nutritivas de maca;443;1854;3;7;16.1;72.2;67.6;4.6;1.7;-;-;-;3.39;-;-;-;-;-;-;-;388;188
A93;Hiwicto marfil oscuro;368;1481;10.6;9;2;76.8;-;-;1.6;44;318;-;3;-;-;0.42;0.1;-;0.6;-;-;-
A94;Hiwicto negro;365;1469;12;9;2.7;74.6;-;-;1.7;38;318;-;3.5;-;-;0.35;0.19;-;0;-;-;-
A95;Kara ceniza o kala;367;1481;10.3;11.6;2.3;73.6;-;-;2.2;104;284;-;5.8;-;-;0;0;-;0;-;-;-
A96;Kara color pajizo;366;1469;11.1;7.2;2.5;76.9;-;-;2.3;60;303;-;8;-;-;0.38;0.1;-;1.1;-;-;-
A97;Kiwicha, harina de;352;1474;10.9;12.2;7.9;66.4;58;8.4;2.6;214;360;3.76;5.3;-;-;-;-;-;-;-;2;663
A98;Kiwicha pop de Huánuco;370;1548;8.6;13.1;8.9;66.5;59.5;7.1;2.9;-;-;-;0.4;-;-;-;-;-;-;-;-;-
A99;Kiwicha, precocida, hojuela de;400;1675;8.4;13.4;8.1;68;-;-;2;-;-;2.77;7.21;-;-;-;-;-;-;-;-;-
A100;Kiwicha, precocida, hojuela de (orgánica);352;1473;10.8;11.9;7.6;67.7;58.9;8.7;2.1;-;-;2.8;5.02;-;0;0;0.09;0.97;3.2;-;-;-
A101;Llipta sara, variedad de maíz;370;1550;11.3;7.4;4.2;75.9;-;-;1.4;5;244;-;1.4;-;-;0.31;0.12;-;0.85;-;-;-
A102;Maíz blanco, harina;343;1435;11.6;5.5;5;76.6;71;5.6;1.3;19;272;1.73;2.35;-;11;0.25;0.08;1.9;0;0;2;6
A103;Maíz blanco precocido, harina de (chochoca);328;1371;12.1;6.8;5.2;74.8;65.9;8.9;1.2;-;-;1.76;2.08;-;-;-;-;-;-;-;-;-
A104;Maíz morado, harina de (api);318;1331;11.4;8.5;4.2;74.3;64.5;9.8;1.7;29;300;2.6;6.47;-;-;-;-;-;-;-;16;63
A105;Pan árabe;290;1213;27.8;10.3;3.5;56.7;54.3;2.4;1.7;-;-;-;6.98;-;-;-;0.32;6.47;-;106;-;-
A106;Pan cachanga;445;1862;17.4;7.7;26.1;47.4;-;-;1.4;-;-;-;3.99;-;-;-;0.27;-;-;-;-;-
A107;Pan campesino de Lima;276;1153;36.1;10;5.7;46;-;-;2.2;-;-;-;3.53;-;-;0.48;0.21;2.46;-;142;-;-
A108;Pan ciabatta;265;1108;32.1;9.2;2;55;52.6;2.5;1.7;-;-;-;5.59;-;-;-;0.71;4.94;-;122;-;-
A109;Pan chapla;321;1343;22.2;9.3;3.5;63.2;-;-;1.9;-;-;-;4.67;-;-;-;0.37;-;-;-;-;-
A110;Pan chuta;387;1620;16.3;9.5;11.1;62.3;-;-;0.8;-;-;-;4.71;-;-;-;0.39;-;-;-;-;-
A111;Pan cortadillo de Cajamarca;361;1509;17.8;6.9;7.1;67.2;-;-;1;-;-;-;4.37;-;-;0.63;0.29;5.49;-;65;-;-
A112;Pan cuay de trigo de Carhuaz;358;1500;23.8;10;11.6;53.4;-;-;1.2;-;-;-;5.62;-;-;-;-;-;-;-;-;-
A113;Pan cuay de trigo de Huaraz;297;1241;31.6;7.6;10.1;48.9;43.8;5.1;1.8;-;-;-;4.45;-;-;0.33;0.34;3.01;-;-;-;-
A114;Pan de calabaza de Huancavelica;274;1148;35.3;11.5;3.9;48.4;-;-;0.9;-;-;-;4.79;-;-;0.61;0.25;3.35;-;322;-;-
A115;Pan de chicharrón de Chiclayo;338;1414;25.5;9.9;9;54.3;-;-;1.2;-;-;-;7.61;-;-;0.84;0.2;4.63;-;288;-;-
A116;Pan de girasol de Lima;267;1115;40.9;10.7;7.7;38.7;-;-;2.1;-;-;-;3.02;-;-;0.45;0.18;2.14;-;139;-;-
A117;Pan de hamburguesa de Iquitos;316;1323;24.4;10.8;4.7;57.7;-;-;2.4;-;-;-;6.15;-;-;0.88;0.46;4.71;-;191;-;-
A118;Pan de huevo;336;1408;23.2;9.3;6.9;59.4;-;-;1.3;-;-;-;5.79;-;-;-;0.35;-;-;-;-;-
A119;Pan de maíz;319;1336;25.4;7.7;8.7;56.7;52.6;4.1;1.6;-;-;-;3.49;-;-;-;0.24;3.81;-;103;-;-
A120;Pan de maíz de Carhuaz;323;1352;27.9;9.2;8;53.5;-;;1.4;-;-;-;5.15;-;-;-;-;-;-;-;-;-
A121;Pan de maíz de Huaraz;359;1501;22;8;15.2;53;47.5;5.5;1.9;-;-;-;3.5;-;-;0.25;0.29;2.96;-;-;-;-
A122;Pan de quinua de Lima;241;1009;39.8;9.5;1.7;47;-;-;2.1;-;-;-;3.31;-;-;0.48;0.21;2.54;-;115;-;-
A123;Pan de trigo artesanal de Carhuaz;286;1197;32.5;8.8;4.6;52.4;-;-;1.7;-;-;-;5.11;-;-;-;-;-;-;-;-;-
A124;Pan de yema;321;1342;25.6;9.4;8.1;55.4;52.5;2.9;1.5;-;-;-;4.47;-;-;-;0.29;4.01;-;70;-;-
A125;Pan de yema de Cajamarca;365;1526;23.7;9.2;12.9;52.9;-;-;1.3;-;-;-;6.74;-;-;1.37;0.5;4.82;-;30;-;-
A126;Pan dulce de Lima;290;1215;32.6;11.9;5;49.5;-;-;1.1;-;-;-;3.3;-;-;0.56;0.42;2.82;-;133;-;-
A127;Pan huaro;338;1413;21.1;9.9;5.5;62.2;-;-;1.3;-;-;-;5.4;-;-;-;0.39;-;-;-;-;-
A128;Pan Huascarán de Lima;265;1111;37.3;9.4;4.8;46.3;-;-;2.3;-;-;-;4.79;-;-;0.6;0.17;1.67;-;111;-;-
A129;Pan integral;339;1419;24.3;9.1;9;55.5;-;-;2.2;-;-;-;5.16;-;-;-;0.4;-;-;-;-;-
A130;Pan marraqueta de Chiclayo;321;1342;21;6.4;2.2;68.9;-;-;1.5;-;-;-;6;-;-;0.92;0.24;5.26;-;219;-;-
A131;Pan mestizo de Huánuco;399;1668;18.1;9.6;15.7;54.8;-;-;1.9;-;-;-;4.24;-;-;0.23;0.28;3.83;-;183;-;-
A132;Pan mishtishongo de Huánuco;410;1715;20.7;9.1;20;48.5;-;-;1.8;-;-;-;2.91;-;-;1.06;0.29;3.05;-;191;-;-
A133;Pan mollete de Chiclayo;284;1189;32.5;10.2;3.8;52.3;-;-;1.3;-;-;-;5.62;-;-;0.88;0.22;3.7;-;244;-;-
A134;Pan mollete, chico;364;1523;25.5;9.6;16.3;47;44.7;2.3;1.6;-;-;-;4.81;-;-;0.41;0.34;4.09;-;-;-;-
A135;Pan torta de Cajamarca;355;1487;19.4;9.4;8;61.5;-;-;1.7;-;-;-;6.31;-;-;1.44;0.45;6.26;-;159;-;-
A136;Pan 3 granos (quinua, cañihua y kiwicha) de Lima;219;914;46.5;8.6;2.5;40.5;-;-;2;-;-;-;3.72;-;-;0.47;0.2;3.56;-;197;-;-
A137;Pan vico;343;1437;24.3;9.3;9.1;56.1;-;-;1.3;-;-;-;5.16;-;-;-;0.42;-;-;-;-;-
A138;Pan vico de Iquitos;333;1394;19.3;11.6;4.1;62.4;-;-;2.5;-;-;-;5.88;-;-;0.7;0.46;4.92;-;230;-;-
A139;Pasta con huevo sin fortificar, cruda*;375;1567;9;14.2;4.4;71.3;68;3.3;1.1;35;241;1.92;1.9;-;17;0.17;0.09;2.1;0;0;21;244
A140;Pasta con huevo fortificada, cruda*;375;1567;9;14.2;4.4;71.3;68;3.3;1.1;35;241;1.92;4.01;-;17;1.13;0.43;8.39;0;201;21;244
A141;Pasta fortificada, cruda*;360;1506;9.9;13;1.5;74.7;71.5;3.2;0.9;18;150;1.26;3.52;-;0;0.89;0.4;7.18;0;219;5;162
A142;Pasta sin fortificar, cruda*;360;1506;9.9;13;1.5;74.7;71.5;3.2;0.9;18;150;1.26;1.3;-;0;0.09;0.06;1.7;0;0;5;162
A143;Quinua, variedad real;331;1385;12.9;14.2;5.1;65.9;56.7;9.1;2;-;-;2.68;4;-;-;0.28;0.3;-;-;-;30;776
A144;Quinua, variedad Ayara (�uno);276;1156;12.3;14;6.3;62.6;41.1;21.5;4.8;-;-;-;6.25;-;-;-;-;-;-;-;30;776
A145;Quinua, variedad blanca de Juli (�uno);347;1453;10.2;11.6;4.8;70.6;63.7;6.9;2.8;-;-;-;4.32;-;-;-;-;-;-;-;30;776
A146;Quinua, variedad CICA-18 (Puno);345;1445;9.8;14.4;5.7;66.4;58.7;7.6;3.8;-;-;-;4.37;-;-;-;-;-;-;-;30;776
A147;Quinua, variedad CICA-127 (Puno);360;1506;8.9;15.8;5.2;67.1;62;5.1;3;-;-;-;5.81;-;-;-;-;-;-;-;30;776
A148;Quinua, variedad Cuchiwilla (Puno);317;1327;11.4;15.2;5.2;64.3;52.1;12.2;3.9;-;-;-;4.15;-;-;-;-;-;-;-;30;776
A149;Quinua, variedad Choclito (Puno);342;1430;11.7;13.4;5.2;67.1;59.9;7.2;2.7;-;-;-;4.49;-;-;-;-;-;-;-;30;776
A150;Quinua, variedad Chullpi- roja (Puno);330;1379;11.3;13.7;5.5;66.9;55.9;10.9;2.7;-;-;-;5.87;-;-;-;-;-;-;-;30;776
A151;Quinua, variedad Misa Jiura (Puno);349;1460;10.5;12.3;5.4;68.6;62.2;6.4;3.2;-;-;-;4;-;-;-;-;-;-;-;30;776
A152;Quinua, variedad Pasankalla-roja (Puno);355;1486;10.1;12.7;6.2;68.5;61.6;6.9;2.5;-;-;-;4.85;-;-;-;-;-;-;-;30;776
A153;Quinua, variedad Q’ OITU-negra (Puno);308;1288;11.5;11.6;4.9;68.2;53.9;14.3;3.8;-;-;-;11.53;-;-;-;-;-;-;-;30;776
A154;Quinua, variedad Wariponcho (Puno);347;1451;11.5;12.6;5.5;67.9;61.2;6.7;2.6;-;-;-;3.77;-;-;-;-;-;-;-;30;776
A155;Quinua, variedad Witulla (Puno);350;1464;9.9;13.7;5.9;67.8;60.2;7.7;2.8;-;-;-;4.99;-;-;-;-;-;-;-;30;776
A156;Rosquita de almidón de Iquitos;469;1962;3.3;1.8;18.3;74.2;-;-;2.3;-;-;-;2.3;-;-;0.03;0.09;0.89;-;26;-;-
A157;Siete harinas (trigo, habas, arvejas, kiwicha, cañihua, cebada, quinua);347;1453;1.5;8.8;3.2;84.8;70.8;14.1;1.6;-;-;3.15;3.89;-;-;-;-;-;-;-;-;-
A158;Trigo, hojuela de (chaque);322;1346;16;10;2.5;70.2;-;-;1.4;-;-;2.23;2.1;-;-;-;-;-;-;-;-;-
A159;Trigo sin tostar (chaquepa);338;1416;11.9;7;2.2;77.9;-;-;0.9;-;-;1.71;2.43;-;-;-;-;-;-;-;-;-
A160;Trigo tostado (chaquepa);369;1545;3.9;7.6;2.5;84.9;-;-;1.1;-;-;1.44;1.73;-;-;-;-;-;-;-;-;-
B1;Acelga, hojas de (sin tallo);8;35;93.3;2.1;0.1;3.2;0.8;2.4;1.4;90;46;0.36;14.4;980;163;0;0.26;0.56;9.29;-;203;293
B2;Acelga, tallos de;9;36;94.8;0.7;0.3;2.8;1.2;1.6;1.4;23;10;0.36;0.5;-;306;0;0.03;0;4;-;203;293
B3;Ají amarillo fresco;39;163;88.9;0.9;0.7;8.8;-;-;0.7;31;21;-;0.9;-;445;0.06;0.58;1.25;60;-;-;-
B4;Ají amarillo molido fresco sin sal;52;218;60.2;1.9;1.7;9.2;-;-;27;97;47;-;3.5;-;560;0.18;0.21;1.3;16.2;-;-;-
B5;Ají amarillo seco;199;834;16.6;7.3;6.3;64.8;36.1;28.7;5;124;166;1.02;8.2;-;1324;0.12;1.48;4.15;6;-;-;-
B6;Ají panca;189;790;20.2;7;7.8;58.5;29.8;28.7;6.5;142;209;1.02;4.9;-;1324;0.13;1.79;3.55;23;-;-;-
B7;Ají colorado no picante (molido con sal);43;180;69.8;1.9;1.3;9.2;7.7;1.5;17.8;175;35;0.26;5.6;-;48;0.12;0.49;0.7;12;-;-;-
B8;Ají colorado molido;37;154;72.6;2.1;1;8;6.5;1.5;16.3;130;54;0.26;5;-;48;0.09;0.44;0.8;19.2;-;-;-
B9;Ají de mesa;40;167;89.1;1.8;1.2;7.2;-;-;0.7;77;23;-;1.3;-;228;0.17;0.6;0.95;104.4;-;-;-
B10;Ají de vaina;58;243;83.2;2.6;1.1;11.9;-;-;1.2;94;56;-;1.7;-;771;0.22;0.47;2.65;12;-;-;-
B11;Ají dulce;17;71;91;0.9;0.5;7.1;3.1;4;0.6;10;43;0.25;0.38;-;22;0.04;0.17;0.89;98.05;-;-;-
B12;Ají verde;57;238;82.9;2.5;0.8;12.4;-;-;1.4;21;58;-;1.3;-;382;-;0.11;1.47;48.5;-;-;-
B13;Ajo sin cáscara;121;508;61.4;5.6;0.8;30.4;28.3;2.1;1.8;94;180;1.16;1.7;-;0;0.14;0.07;0.42;9.1;-;69;250
B14;Albahaca sin tallo;29;122;86.7;2.9;1.2;7.3;3.4;3.9;1.9;325;38;0.85;5.3;-;264;0.04;0.13;0.95;20;-;-;-
B15;Alcachofa;24;101;77.8;2.2;0.2;18.9;4.9;14;1;42;51;0.49;1;42;7;0.07;0.04;0.85;1.42;-;-;-
B16;Alfalfa brotes tiernos;20;84;91.1;4;0.7;3.8;1.3;2.5;0.4;32;70;0.92;5.4;-;1133;0.08;0.13;0.48;8.2;-;-;-
B17;Apio, tallo sin hojas;8;35;94;1;0.2;3.8;1.1;2.8;0.9;91;30;0.21;1.2;-;22;0.03;0.08;0.23;7.99;-;76;169
B18;Berenjena;12;49;92.4;1;0.1;5.9;2.3;3.6;0.6;20;30;0.16;4.03;3;1;0;0.3;1.31;8.82;-;6;-
B19;Berenjena Costeña o tomate de árbol;41;172;87.5;1.3;0.3;9.8;-;-;1.1;18;28;-;0.2;-;300;0.1;0.04;1.2;2.3;-;-;-
B20;Berro;31;130;89.3;3.4;0.8;5;4.5;0.5;1.5;234;66;0.11;6.5;-;235;0.08;0.36;1.06;105.6;-;-;-
B21;Brocoli;32;135;89.9;3.9;1.3;4;3.3;0.7;0.9;93;86;0.41;0.84;393;66;0.12;0.1;0.83;114;-;23;-
B22;Caigua;15;63;95;0.5;0.2;3.3;-;-;1;34;43;-;0.9;-;9;0.02;0.02;0.17;11.4;-;-;-
B23;Caigua serrana;19;80;93.5;1.5;0.1;4.1;-;-;0.8;32;32;-;0.5;-;33;0.05;0.07;0.3;6.9;-;-;-
B24;Calabaza china;13;54;93.1;0.7;0.1;5.8;2.9;2.9;0.3;29;15;0.61;0.1;-;0;0.02;0.02;0.29;13;-;-;-
B25;Calabaza italiana;15;63;93.9;0.5;0.3;4.9;3.2;1.7;0.4;11;19;0.74;0.6;-;3;0.03;0.04;0.28;10;-;-;-
B26;Cebolla blanca;24;102;91.2;0.9;0.1;7.4;6;1.4;0.4;100;33;0.16;0.2;-;3;0.03;0.05;0.14;7.5;-;6;168
B27;Cebolla chilena;19;79;92.9;0.8;0.1;5.9;4.5;1.4;0.3;20;17;0.16;1;-;0;0.02;0.04;0.12;3.7;-;-;-
B28;Cebollita china;36;150;88.7;2.3;0.4;7.5;-;-;1.1;141;61;0.52;1.1;-;58;0.02;0.01;0.4;10.5;-;-;-
B29;Cebolla de cabeza;40;169;86.3;1.4;0.2;11.3;9.9;1.4;0.8;20;35;0.16;1.2;-;0;0.03;0.06;0.22;4.9;-;-;-
B30;Cebolla de cola;26;108;90.6;0.9;0.1;7.8;6.4;1.4;0.6;44;32;0.16;4.9;-;29;0.04;0.09;0.2;7.2;-;6;168
B31;Col blanca;19;81;93.3;1;1.1;4.2;2.3;1.9;0.5;46;46;0.18;0.44;21;4;0.06;0.03;0.18;31.4;-;6;250
B32;Col crespa o repollo, sin cogollo;15;65;92.4;1.5;0.3;4.9;2.6;2.3;0.9;70;69;0.18;0.4;-;9;0.03;0.03;0.33;48.5;-;58;250
B33;Col china sin tallo;22;93;91;1.8;0.3;5.3;4.3;1;1.6;70;16;0.19;1.5;-;0;0.01;0.16;0.66;21.6;-;58;250
B34;Col de “Bruselas”;45;188;81.3;4.6;0.4;12.3;8.5;3.8;1.4;109;11;0.42;1.8;-;41;0.18;0.17;1.1;82.5;-;58;250
B35;Col, hojas de;32;132;88.1;2.7;0.6;7.6;5.6;2;1;170;42;0.44;0.1;-;769;0.09;0.06;1.43;96.3;-;58;250
B36;Col negra;14;60;91.7;1.7;0.4;5.5;1.9;3.6;0.7;24;10;0.13;0.2;-;333;0.04;0.06;0.31;49.3;-;58;250
B37;Col silvestre;54;226;82.9;2.5;0.6;12.1;-;-;1.9;477;47;-;1.1;-;248;0.05;0.06;-;136;-;58;250
B38;Coliflor sin tallo y sin hojas;17;72;91.6;2.2;0.6;4.4;1.9;2.5;1.2;26;66;0.28;0.6;-;4;0.05;0.07;0.49;75.3;-;-;-
B39;Culantro sin tallo;34;142;85.6;3.3;1.3;7;4.2;2.8;2.8;259;63;0.5;5.3;-;1431;0.08;0.27;1.86;37.2;-;-;-
B40;Chiclayo, calabaza;16;68;93.2;0.6;0.1;5.6;3.9;1.7;0.5;13;25;0.74;0.2;-;3;0.08;0.05;0.19;3.7;-;-;-
B41;Chonta;49;205;84.9;3.4;0.7;9.7;-;-;1.3;138;109;-;1.7;-;-;0.02;0.12;0.72;3.2;-;-;-
B42;Escarola;7;30;93.6;1.2;0.2;3.8;0.7;3.1;1.2;85;76;0.79;2;-;108;0.07;0.07;0.47;8.6;-;-;-
B43;Esparragos;15;62;93;2.2;0.3;3.8;2.1;1.7;0.8;35;35;0.54;1.33;230;38;0.09;0.05;0.82;2.32;-;-;-
B44;Espinaca blanca;24;102;89.5;1.9;0.6;6.3;4.1;2.2;1.7;80;40;0.53;4.6;-;469;0.08;0.25;0.65;16.4;-;-;-
B45;Espinaca negra sin tronco;24;100;90;2.8;0.9;4.9;2.7;2.2;1.4;234;45;0.53;4.3;-;469;0.07;0.2;0.69;15.2;-;-;-
B46;Frejolito chino germinado;9;38;96.5;1.4;0.1;1.8;1.5;0.3;0.3;22;261;-;0.86;4;1;0.03;0.07;0.97;5.42;-;15;-
B47;Hierbabuena;41;171;86.7;3.1;1;7;-;0;2.2;206;70;1.11;9.1;-;212;0.06;0.13;1;2;-;-;-
B48;Huacatay sin tallo;50;211;83.4;5;0.8;8.8;-;-;2;412;79;-;8.7;-;426;0.06;0.27;1.47;17.1;-;-;-
B49;Janchoy, hojas de;27;113;90.8;1.6;0.2;6;-;-;1.4;113;55;-;2.9;-;276;0.05;0.13;0.47;22.2;-;-;-
B50;Jetka, hojas de;66;276;78.1;7.3;1.7;9.5;-;-;3.4;548;133;-;8.4;-;350;0.3;0.16;2.72;0.7;-;-;-
B51;Kailán, hojas de;48;201;84.9;3.2;0.9;9.1;-;-;1.9;581;46;-;2.4;-;102;0.03;0.26;0.54;103.8;-;-;-
B52;Kailán, tallos de;24;100;92;1.2;0.3;5.2;-;-;1.3;301;64;-;3.1;-;26;0.01;0.09;0.94;57.6;-;-;-
B53;Lechuga americana;7;28;96.6;0.6;0.1;2.4;1.2;1.2;0.3;52;20;0.15;0.1;-;25;0.02;0.06;0.13;1.5;-;-;-
B54;Lechuga larga;12;49;93.4;1.5;0.2;3.9;1.8;2.1;1;64;63;0.23;1.6;-;290;0.06;0.08;0.52;14.5;-;-;-
B55;Lechuga redonda;8;32;95.7;1.3;0.2;2.1;0.8;1.3;0.7;47;49;0.18;1;-;370;0.06;0.05;0.48;7.4;-;-;-
B56;Manchay;53;222;84.8;0.4;0.1;14.4;-;-;0.3;44;16;-;1.3;-;238;0.36;0.34;0.61;4;-;-;-
B57;Mastuerzo, hojas de;44;185;86.3;1.8;1.3;9.2;8.1;1.1;1.4;211;85;0.23;1.3;-;346;0.09;0.35;1.04;25.2;-;-;-
B58;Mostaza, hojas de;21;88;89;3.5;0.6;5.2;2.1;3.1;1.7;478;92;0.27;1.7;-;50;0.29;0.2;0.8;70;-;-;-
B59;Muña, seca;268;1121;16;3.2;2.8;66.3;-;-;11.7;2237;269;-;22.4;-;306;0.35;1.81;6.85;0;-;-;-
B60;Nabo;10;40;94.7;0.6;0.2;3.6;1.8;1.8;0.9;34;34;0.27;0.1;-;0;0.01;0.04;0.23;21.1;-;-;-
B61;Nabo, hojas de;24;100;88.1;2.9;0.4;7;3.8;3.2;1.6;367;95;0.19;2.8;-;579;0.12;0.38;2.4;49.2;-;-;-
B62;Orégano fresco;48;201;85.1;1.6;0.5;11.3;-;-;1.5;312;46;-;9.3;-;1750;0.08;0.3;0.65;10;-;-;-
B63;Pacchoy, hojas de;25;103;90.5;1.3;0.3;6.3;5.3;1;1.6;235;60;0.19;3;-;223;0.05;0.1;0.73;50;-;-;-
B64;Pacchoy, tallos de;18;77;92;0.4;0.2;5.4;4.4;1;2;302;84;0.19;1.2;-;223;0.01;0.05;0.53;12;-;-;-
B65;Paico;41;170;81.7;5;1.1;9.2;5.4;3.8;3;459;65;1.1;6.3;-;3;0.11;0.42;1.12;34.7;-;-;-
B66;Pajuro;120;502;64.4;2.1;0.3;31.5;-;-;1.7;25;105;-;1.2;-;0;0.05;0.22;1.39;42;-;-;-
B67;Pepinillo sin cáscara;9;37;96.4;0.5;0.1;2.6;1.9;0.7;0.4;20;22;0.17;0.3;-;4;0.03;0.04;0.09;12.6;-;-;-
B68;Perejil sin tallo;41;172;82;4.8;0.7;9.9;6.6;3.3;2.6;202;76;1.07;8.7;-;421;0.07;0.32;2.87;95.8;-;-;-
B69;Pimiento rojo;27;114;92.3;1.2;1.3;4.6;3.7;0.9;0.6;12;24;0.25;0.36;450;200;0.04;0.11;1.58;108.3;-;6;-
B70;Pirca;42;176;86.2;4;0.6;7.6;-;-;1.6;230;58;-;6;-;132;0.13;0.31;0.82;17;-;-;-
B71;Poro sin hojas;34;142;87.8;2.7;0.8;7.6;5.8;1.8;1.1;78;50;0.12;0.7;-;83;0.09;0.08;0.46;8.6;-;-;-
B72;Quinua, hojas de;50;209;81.4;4.7;0.6;9.5;-;-;3.8;377;63;-;1.5;-;251;0.06;0.95;1.2;11.1;-;-;-
B73;Rabanitos;7;31;95.1;0.8;0.1;2.9;1.3;1.6;1.1;36;29;0.28;1;-;0;0.01;0.02;0.29;18.6;-;-;-
B74;Rabicol;22;92;92.8;2;0.2;4.2;-;-;0.8;41;41;-;0.3;-;1;0.01;0.04;0.43;94.1;-;-;-
B75;Radicheta o achicoria;17;70;90;1.9;0.5;6.2;2.2;4;1.4;273;34;0.42;-;-;286;0.07;0.14;0.51;9;-;-;-
B76;Rocoto fresco;36;151;89.5;1.2;0.5;8.2;-;-;0.6;6;22;-;0.5;-;35;0.01;0.14;1.15;14.9;-;-;-
B77;Ruda;82;343;75.4;4.1;1.7;16.1;-;-;2.7;552;72;-;7.7;-;879;-;0.76;1.62;112;-;-;-
B78;Siuca culantro;28;116;87.6;1.9;0.5;8.1;5.3;2.8;1.9;195;68;0.5;4.9;-;337;0.06;0.22;1;0.7;-;-;-
B79;Tomate;15;61;94.2;0.8;0.2;4.3;3.1;1.2;0.5;7;20;0.17;0.6;-;42;0.04;0.06;0.62;18.4;-;-;-
B80;Tomate italiano;12;51;94.8;0.8;0.2;3.6;2.4;1.2;0.6;7;25;0.17;0.3;-;42;0.06;0.06;0.63;32.5;-;-;-
B81;Tomate, con carne salsa de;106;444;77.7;2.7;5.7;11;-;-;2.9;20;67;-;2.1;-;-;0.13;-;1.1;9.4;-;-;-
B82;Tomate, salsa de;18;76;75;1.5;0.7;3.9;2.4;1.5;18.9;117;64;0.2;3;-;17;0.1;0.12;0.6;0;-;-;-
B83;Tomate, salsa concentrada de;75;314;75.3;2.7;1;16.8;-;-;4.2;19;103;-;2.9;-;-;0.12;-;1.5;26.8;-;-;-
B84;Vainitas;25;105;88.2;2.4;0.3;8.1;4.7;3.4;1;88;49;0.24;1.4;-;35;0.07;0.2;0.71;9.6;-;-;-
B85;Zanahoria;19;78;90.2;1;0.3;7.6;3.6;4.1;0.9;51;40;0.15;0.3;6550;1092;0.04;0.04;0.18;3.23;-;31;95
B86;Zanahoria, harina de;293;1226;11.8;7.3;1.5;67.7;-;-;11.7;418;384;-;-;-;6089;0.38;0.33;3.74;10;-;-;-
B87;Zapallo italiano;14;59;95.4;0.9;0.2;2.9;-;-;0.6;27;34;-;0.3;-;0;0.01;0.33;0.42;26.2;-;-;-
B88;Zapallo loche;58;242;79.8;2.6;0.2;16.2;13.9;2.3;1.1;38;30;0.4;0.33;324;54;0.05;0.08;0.52;7.44;-;17;219
B89;Zapallo macre;26;109;92;0.7;0.2;6.4;-;-;0.7;26;17;0.13;0.6;-;68;0.03;0.04;0.4;5.7;-;-;-
B90;Ají charapita;78;326;76.3;3.9;0.8;17.4;-;-;1.6;-;-;-;-;-;41;-;-;-;5.66;-;-;-
B91;Ají cerezo;64;268;80;4.2;0.5;14.1;-;-;1.4;-;-;-;-;-;-;-;-;-;-;-;-;-
B92;Ají colorado seco**;328;1374;7.8;9.5;2.8;78.8;-;-;1;140;238;-;3.4;-;493;0.24;0.84;1.9;55;-;-;-
B93;Ají uña de pava;57;241;82.8;3;0.7;12.5;-;-;1;-;-;-;-;-;-;-;-;-;-;-;-;-
B94;Ajos variedad Barranquino;115;482;59.4;6.2;0.3;32.6;27.2;5.4;1.5;-;-;0.85;0.57;0;0;0.13;0.07;0.09;12.3;-;69;250
B95;Ajos variedad Napuri;115;482;58.6;7.7;0.3;31.8;26.4;5.4;1.6;-;-;0.82;0.4;-;0;0.13;0.07;0.09;12.3;-;69;250
B96;Ajos variedad Napuri fresco, molido en aceite sin sal;203;848;51.5;5.1;9.1;33.2;31.9;1.3;1;-;-;2.19;1.07;-;1;0.35;0.19;0.24;32.78;-;-;-
B97;Ajos variedad Napuri fresco, molido en aceite con sal;185;775;49.3;4.8;5.2;37.2;36.3;0.8;3.5;-;-;2.49;1.22;-;1;0.4;0.21;0.27;37.42;-;-;-
B98;Ajos variedad Napuri fresco, molido en agua sin sal;77;321;73.2;4.9;0.2;20.9;17.8;3.1;0.9;-;-;0.47;0.23;-;0;0.07;0.04;0.05;7.04;-;-;-
B99;Ajos variedad Napuri fresco, molido en agua con sal;84;353;69;5;0.3;21.6;19.6;2;4.1;-;-;0.67;0.33;-;0;0.11;0.06;0.07;9.99;-;-;-
B100;Alcaparras****;31;131;78.6;2.3;0.6;5.8;-;-;12.7;66;8;;4.2;-;3;0.04;0.15;0;0;-;-;-
B101;Cebolla variedad americana;22;91;91.1;1.4;0.4;6.9;4.4;2.5;0.3;20;35;0.15;0.21;-;0;0.04;0.02;0.59;9.84;-;6;168
B102;Cebolla variedad perilla;28;117;89.3;1.4;0.4;8.5;6;2.5;0.4;20;35;0.23;0.22;0;0;0.04;0.02;0.59;9.84;-;6;168
B103;Chijchipa;45;188;85.3;3.3;0.4;9.3;-;-;1.7;335;57;-;8.3;-;189;0.06;0.43;1.02;70;-;-;-
B104;Chullcos, ajos silvestres;92;385;73.7;1.8;0.5;23.5;-;-;0.5;22;56;-;2.1;-;-;0.03;0.1;0.67;5;-;-;-
B105;Col china con hoja y tallo;15;62;95.1;1.4;1.1;2;0.7;1.2;0.5;-;-;-;13.38;1210;202;0.08;-;-;-;-;32;-
B106;Coliflor con tallo y sin hojas;20;86;91.9;2.1;0.6;4.7;2.9;1.8;0.7;-;-;-;0.49;2;0;0.08;-;-;-;-;19;-
B107;Culantro, con hojas y tallo;15;62;88.4;3.5;0.2;5.9;1.2;4.7;1.9;135;60;0.6;4.5;605;101;-;-;-;4.78;-;22;802
B108;Espinaca, hojas sin tallo;30;128;86.9;4.8;1.4;4.7;1.9;2.8;2.2;-;-;-;21.29;2930;488;0.09;-;-;-;-;32;-
B109;Estragón, secos;269;1126;7.7;22.8;7.2;50.2;42.8;7.4;-;1139;313;3.9;32.3;-;1260;0.25;1.34;8.95;50;274;62;3020
B110;Hinojo, tallo, fresco, crudo;19;80;92.8;1.9;0.2;3.6;-;-;1.5;-;-;-;-;-;-;0.04;0.04;0.3;15.9;-;-;-
B111;Kión sin cáscara;49;205;84.9;0.1;0.4;13.7;11.8;2;0.8;12;30;0.44;0.25;110;18;0.04;0;0.35;0.93;0;7;356
B112;Lechuga de seda;10;42;95.9;1.3;0.1;2.3;1.7;0.6;-;39;40;-;1.3;-;0;0.09;0.07;0.31;10;-;-;-
B113;Llampun Cjana “Cjana-cjana”;254;1061;12.1;29.5;6;36.8;-;-;15.6;1600;333;-;41.1;-;-;0.61;1.38;-;0;-;-;-
B114;Pacchoy con hojas y tallo;5;20;96.1;1;0.3;1.8;0.1;1.7;0.8;-;-;-;10.14;880;147;0;-;-;5.22;-;113;-
B115;Paico, Hojas de;28;117;84.1;5.7;0.3;6.6;3.2;3.4;3.2;271;20;0.94;-;3033;506;0.11;0.27;77.29;35.53;-;38;144
B116;Pimiento verde**;31;131;90.7;1.3;0.2;7.5;-;-;0.4;21;29;-;1.1;-;54;0.07;0.2;1.12;55;-;-;-
B117;Rocoto molido con cáscara en agua sin sal;17;69;93.7;0.2;0.1;5.5;4.2;1.4;0.4;10;0;0;0.03;228;38;0.05;0;0.5;1.34;-;7;188
B118;Romero fresco*;81;338;67.8;3.3;5.9;20.7;6.6;14.1;2.4;317;66;0.93;6.65;-;146;0.04;0.15;0.91;22;0;26;668
B119;Tomate de palito;44;185;86.5;1.6;0.2;10.8;-;-;0.9;15;19;-;0.8;-;-;0.05;0.03;-;4.9;-;-;-
B120;Tomate redondo, con cáscara;18;75;93.9;0.7;0.3;4.7;4;0.7;0.5;24;20;0.1;0.45;-;42;-;-;-;10.18;-;25;139
B121;Tomillo seco*;181;756;7.8;9.1;7.4;63.9;26.9;37;11.7;1890;201;6.18;123.6;-;190;0.51;0.4;4.94;50;0;55;814
B122;Zapallito;57;236;82.2;1.9;0.1;14.3;-;-;1.5;17;76;-;0.4;-;-;0.12;0.05;-;11;-;-;-
B123;Zapallo avinca;29;122;91;0.9;0.1;7.3;-;-;0.7;34;5;-;0.9;-;-;0.03;0.01;-;0.5;-;-;-
B124;Zapallo criollo;28;119;91;0.6;0.2;7.6;7.1;0.5;0.6;28;0;1.6;0.4;-;143;-;-;-;0.1;0;6;140
B125;Zapallo ombligo;21;88;93.5;0.9;0.2;4.8;-;-;0.6;34;12;-;0.3;-;-;0.01;0.02;-;7.5;-;-;-
C1;Abridores;57;239;82;0.8;0.1;16.4;14.9;1.5;0.7;6;35;0.17;0.4;-;16;0.03;0.05;1.17;27.5;-;-;-
C2;Aceituna de botija;298;1247;57.5;0.8;32.1;7.3;-;-;2.3;86;55;-;2.4;-;0;0.03;0.22;0.8;0;-;-;-
C3;Aceitunas negras preparadas;292;1224;41;2.2;22.4;30.3;27.1;3.2;4.1;67;63;0.22;7.4;-;20;0.03;0.24;1;0;-;-;-
C4;Airampo;51;212;85.9;1.8;0.5;11.2;-;-;0.6;85;0;-;-;-;-;0.01;0.02;24;-;-;-;-
C5;Aguaje;283;1184;53.6;2.3;25.1;18.1;-;-;0.9;74;27;-;0.7;-;706;0.12;0.17;0.3;0;-;-;-
C6;Anona;45;188;85;1.1;0.4;12.9;10.5;2.4;0.6;16;37;-;0.2;-;2;0.07;0.23;0.79;3.4;-;-;-
C7;Durazno-Melocotón;43;180;86.3;0.8;0.2;12.4;10.8;1.6;0.4;-;-;-;0.59;56;9;-;-;-;0.77;-;-;-
C8;Caimito;49;205;83.5;1.8;0.5;13.6;10.8;2.8;0.6;88;19;-;0.2;-;-;0.01;0.02;24;13;-;-;-
C9;Camu-camu;24;100;93.3;0.5;0.1;5.9;-;-;0.2;28;15;-;0.5;-;0;0.01;0.04;0.61;2780;-;-;-
C10;Capulí;63;264;82.3;0.7;0.4;15.9;-;-;0.7;26;26;-;0.9;-;36;0.07;0.11;1.45;0;-;-;-
C11;Chambiro;118;494;75.9;1.5;7.3;14.5;-;-;0.8;47;59;-;0.6;-;0;0.08;0.23;0.2;4.2;-;-;-
C12;Chirimoya;72;302;75.4;1.9;0.3;21.6;17.7;4;0.8;102;50;0.3;0.29;0;0;0.09;0.16;1.62;10.36;-;16;377
C13;Ciruela;82;343;76.3;1;0.2;21.5;-;-;1;20;53;-;0.9;-;23;0.05;0.06;1.44;36.8;-;-;-
C14;Coco;286;1197;56.4;3.4;28.1;10.8;-;-;1.3;8;51;0.25;1.8;-;1;0.02;0.05;0.58;0.9;-;-;-
C15;Coco, agua de;10;43;95.5;0.7;0.1;3.1;2;1.1;0.6;21;7;0.1;0;-;0;0.03;0.01;0.08;0.8;-;-;-
C16;Cocona;42;176;88.5;0.9;0.7;9.2;-;-;0.7;16;30;-;1.5;-;23;0.06;0.1;2.25;4.5;-;-;-
C17;Dátiles;195;817;36.8;1.4;0.5;59.8;51.8;8;1.5;60;29;0.29;0.8;-;0;0.1;0.09;0.13;2.9;-;-;-
C18;Fresa;34;142;89.1;0.7;0.8;8.9;6.9;2;0.5;37;28;0.14;1.2;-;1;0.04;0.05;0.26;42;-;-;-
C19;Granada;66;277;80;0.5;0.1;18.3;17.7;0.6;1.1;10;38;0.12;0.3;-;5;0.09;0.04;1.56;5.2;-;-;-
C20;Granadilla;51;214;82.3;2.5;2.7;11.4;5.7;5.8;1.1;17;128;-;1.28;0;0;0.11;0.13;2.14;9.88;-;11;338
C21;Granadilla, jugo enlatado de;62;258;82;1.1;0;16.1;-;-;0.8;6;50;-;0.6;-;-;0;0.03;-;129.6;-;-;-
C22;Guanábana;44;185;84;0.9;0.2;14.3;11;3.3;0.6;38;43;0.1;0.7;-;0;0.05;0.06;1.69;19;-;-;-
C23;Guayaba;37;154;83.9;0.5;0.1;14.9;9.5;5.4;0.6;18;23;0.23;0.3;-;31;0.04;0.04;1.44;60;-;-;-
C24;Guayaba amarilla con cáscara;13;53;88.2;1.2;0.3;9.7;1.7;8;0.6;32;15;0.23;0.23;3;0;0.05;0.06;0.44;56.1;-;2;195
C25;Guayaba rosada;37;154;84;0.5;0.2;14.7;9.3;5.4;0.6;17;23;0.23;0.3;-;31;0.04;0.05;1.4;9.8;-;-;-
C26;Guayaba verde;36;151;84.3;0.5;0.1;14.7;9.3;5.4;0.4;30;11;0.23;0;-;31;0.04;0.06;0.66;17.7;-;-;-
C27;Higo negro;65;272;78;0.9;0.1;19.9;17;2.9;1.1;58;43;0.15;0.8;-;7;0.04;0.05;0.52;2.9;-;-;-
C28;Higo seco;146;612;47.7;3.6;0.2;46.6;36.8;9.8;1.9;109;100;0.55;2.4;-;10;0;0.08;0.9;3.7;-;-;-
C29;Huito;55;230;83.9;1.2;0.1;14;-;-;0.8;69;21;-;0.5;-;0;0.03;0.33;0.54;1.1;-;-;-
C30;Humarí / Umari, sin pepa y sin cáscara;163;682;62.1;1.6;8.1;27.4;25;2.4;0.9;5;30;0.5;0.72;-;20;0.03;0.74;1.5;0.21;-;10;211
C31;Kaki;64;270;78.1;0.5;0.1;20.8;17.2;3.6;0.5;9;26;0.11;0.2;-;81;0.05;0.03;0;6.9;-;-;-
C32;Kumuvi;101;423;71.9;0.7;0.6;25.9;-;-;0.9;16;31;-;3.5;-;7;0.02;0.04;0.22;2.8;-;-;-
C33;Lima;13;55;92.8;0.6;0.4;5.9;3.1;2.8;0.3;31;9;0.11;0.2;-;2;0.03;0.04;0.3;36;-;-;-
C34;Limón, jugo de;28;119;89.3;0.5;0.2;9.7;9.3;0.4;0.3;18;14;0.05;0.5;-;1;0.03;0.03;0.11;44.2;-;-;-
C35;Lúcuma;97;406;61.7;2.1;0.2;34.9;24.7;10.2;1.2;16;26;-;0.79;1750;292;0.01;0.14;1.96;0.77;-;-;-
C36;Lúcuma, harina de;329;1377;9.3;4;2.4;82;-;-;2.3;92;186;-;4.6;-;-;0.02;0.03;-;11.6;-;-;-
C37;Macambo, pulpa y semilla;177;741;61.1;6.7;9.2;21.5;-;-;1.5;19;165;-;1.7;-;-;0.95;1.05;1.2;9.2;-;-;-
C38;Macambo, pulpa de;44;184;88;2.1;0.8;8.3;-;-;0.8;-;44;-;0.5;-;26;0.08;0.09;3.1;22.8;-;-;-
C39;Mamey maduro;27;111;88.9;0.5;0.1;9.7;6.7;3;0.8;51;46;0.1;0.4;-;12;0.02;0.04;0.61;2;-;-;-
C40;Mandarina;29;121;90.1;0.6;0.3;8.6;6.8;1.8;0.4;19;17;0.07;0.3;-;34;0.06;0.05;0.3;48.7;-;-;-
C41;Mango;54;225;83;0.4;0.2;15.9;14.1;1.8;0.5;17;15;0.04;0.4;-;38;0.03;0.11;0.39;24.8;-;-;-
C42;Manzana nacional;50;208;84.7;0.3;0.1;14.6;13.3;1.3;0.3;5;11;0.05;1.4;-;2;0.03;0.04;0.13;1.3;-;-;-
C43;Maracuyá, jugo puro de;61;256;82.3;0.9;0.1;16.1;15.9;0.2;0.6;13;30;0.06;3;-;121;0.03;0.15;2.24;22;-;-;-
C44;Marañón;35;146;87.9;0.8;0.5;10.5;7.8;2.7;0.3;8;30;-;3;-;15;0.05;0.05;0.96;108;-;-;-
C45;Melón;21;86;92.9;0.5;0.1;5.8;5;0.8;0.7;13;15;0.09;0.5;-;3;0.04;0.04;0.64;23;-;-;-
C46;Melón enano;20;84;94.3;0.6;0.2;4.4;-;-;0.5;23;3;-;0.4;-;6;0.02;0.06;0.38;15.3;-;-;-
C47;Membrillo;36;152;86.9;0.3;0.1;11.5;9.6;1.9;1.2;9;29;0.04;0.7;-;2;0.02;0.07;0.23;12.5;-;-;-
C48;Naranja;31;131;88.5;0.6;0.2;10.1;7.7;2.4;0.6;23;51;0.07;0.2;-;11;0.09;0.04;0.36;92.3;-;-;-
C49;Naranja agria, jugo de;32;135;90.7;0.5;0.2;8.2;8;0.2;0.4;31;9;0.07;0.2;-;9;0.03;0.05;0.13;42;-;-;-
C50;Naranja de Guayaquil;31;132;88.6;0.5;0.2;10.2;7.8;2.4;0.5;37;17;0.07;0.1;-;11;0.05;0.01;0.14;42.2;-;-;-
C51;Naranja de Huando;36;152;87.3;1.2;0.2;10.9;8.5;2.4;0.4;30;17;0.07;0.1;-;11;0.06;0.02;0.29;43.9;-;-;-
C52;Níspero;41;170;86.5;0.3;0;12.7;11;1.7;0.5;21;16;0.05;0.3;-;76;0.02;0.11;0.37;1.2;-;-;-
C53;Nuzive;138;577;70.3;2.7;7.8;17.7;-;-;1.5;38;113;-;7.5;-;9;0.23;0.15;1.08;1.7;-;-;-
C54;Pacae o Guaba;56;234;84.1;0.6;0.1;14.8;-;-;0.4;14;30;-;0.4;-;0;0.02;0.07;0.5;1.4;-;-;-
C55;Palta;130;546;79.2;1.7;12.5;5.6;-;-;1;30;67;0.64;0.6;-;7;0.03;0.1;1.82;6.8;-;-;-
C56;Pan de árbol con semilla;117;489;63.4;4.5;1.8;29;24.1;4.9;1.3;20;255;0.12;0.9;-;0;0.22;0.09;2.6;6.6;-;-;-
C57;Pan de árbol sin semilla;30;124;86.4;1.6;0.5;10.5;5.6;4.9;1;71;37;0.12;2.8;-;0;0.07;0.08;0.78;2.1;-;-;-
C58;Pan-Meo;78;326;78;1.3;0.2;19.9;-;-;0.6;21;21;-;-;-;-;0.07;0.09;0.66;1.4;-;-;-
C59;Papaya;25;106;90.8;0.4;0.1;8.2;6.4;1.8;0.5;23;14;0.07;0.3;-;55;0.03;0.07;0.41;47.7;-;-;-
C60;Pasa sin pepa;228;953;31.6;2.4;0.4;63.8;60.1;3.7;1.8;64;91;0.22;3.7;-;0;0.12;0.13;0.37;2.3;-;-;-
C61;Pepino dulce;26;109;92.3;0.3;0;7;-;-;0.4;30;10;-;0.3;-;28;0.04;0.05;0.58;29.7;-;-;-
C62;Pera chilena;38;160;86;0.3;0.1;13.2;10.1;3.1;0.4;4;16;0.1;0.3;-;1;0.02;0.04;0.24;1.9;-;-;-
C63;Pera de agua;42;176;85.8;0.4;0.6;13;9.9;3.1;0.2;7;5;0.1;0.1;-;1;0.02;0.06;0.16;6.5;-;-;-
C64;Pera nacional;55;230;84.7;0.4;0.2;14.5;-;-;0.2;2;6;-;0.3;-;0;0.02;0.05;0.16;2.5;-;-;-
C65;Pera perilla;58;243;84.2;0.6;0.5;14.4;-;-;0.3;10;18;-;0.5;-;0;0.03;0.05;0.44;3.6;-;-;-
C66;Pero;50;211;85.4;0.4;0.7;13.3;12;1.3;0.2;6;9;0.05;0.3;-;2;0.05;0.07;0.11;2.8;-;-;-
C67;Pijuayo;184;770;52.3;2.8;3.2;41;-;-;0.7;27;47;-;1;-;140;0.05;0.28;1.38;22.6;-;-;-
C68;Pijuayo sancochado, sin cáscara y sin pepas;120;501;52.2;2.1;4;41;22.1;19;0.7;23;20;0.98;0.65;-;108;0.11;0.2;2.49;12.79;-;10;215
C69;Piña;33;139;89.3;0.4;0.2;9.8;8.4;1.4;0.3;10;5;0.1;0.4;-;3;0.04;0.06;0.27;19.9;-;-;-
C70;Plátano de isla;75;314;74.2;1.2;0.1;21.6;19.5;2.2;2.9;9;20;0.13;0.3;427;71;0.07;0.07;0.47;0;-;15;388
C71;Plátano de seda;74;309;76.2;1.5;0.3;21;18.4;2.6;1;5;27;0.15;0.6;-;3;0.03;0.05;0.79;4.3;-;-;-
C72;Plátano guineo;111;465;65.9;1.4;0.2;31.7;29.1;2.6;0.8;10;23;0.15;0.6;-;3;0.02;0.08;0.53;1.1;-;-;-
C73;Plátano manzano;80;336;74.3;1.1;0.2;23.4;20.8;2.6;1;6;47;0.15;0.8;-;3;0.04;0.16;0.6;7.3;-;-;-
C74;Plátano, harina de;302;1265;14;4;0.4;79.3;-;-;2.3;29;104;0.81;4.62;-;12;0.11;0.12;1.57;0.68;-;-;-
C75;Plátano maduro;103;431;68.1;1.2;0.2;29.6;27;2.6;0.9;0;37;0.15;0.4;-;3;0.06;0.06;0.5;5.6;-;-;-
C76;Plátano morado;97;405;69.8;1;0.2;28.1;25.5;2.6;0.9;42;17;0.15;0.3;-;3;-;0.25;0.68;2.3;-;-;-
C77;Plátano seco (orejón);232;972;24.5;3.7;1.2;68.2;58.3;9.9;2.4;26;84;0.61;-;-;12;0.05;0.18;1.4;1.8;-;-;-
C78;Plátano verde;144;602;57;1;0.2;40.9;38.6;2.3;0.9;8;43;0.14;0.5;-;56;0.09;0.14;0.62;10.4;-;-;-
C79;Plátano verde asado;243;1018;29.1;1.5;0.2;68;65.7;2.3;1.2;10;80;0.13;0.8;-;45;0.11;0.22;0.9;1.4;-;-;-
C80;Plátano verde sancochado;129;540;61.6;0.7;0.3;36.8;34.5;2.3;0.6;10;35;0.13;0.7;-;45;0.06;0.17;0.53;3.4;-;-;-
C81;Pomarosa;33;138;90.7;0.5;0.4;7.9;-;-;0.5;10;9;0.06;0.2;-;17;2;0.02;0.05;20.4;-;-;-
C82;Purunkari;151;632;58.1;2.7;1.4;36.3;-;-;1.5;96;39;-;2.8;-;10;0.03;0.06;1.46;5.6;-;-;-
C83;Sandia;23;96;93;0.7;0.1;5.9;5.5;0.4;0.3;6;5;0.1;0.3;-;28;0.06;0.04;0.18;3;-;-;-
C84;Shiwawaco (semilla);249;1041;39;6.6;7.5;45.5;-;-;1.4;45;179;-;2.7;-;-;0.02;0.08;1.07;10.6;-;-;-
C85;Tamarindo;221;925;31.4;2.8;0.6;62.5;57.4;5.1;2.7;74;113;0.1;1;-;2;0.43;0.15;1.94;3.5;-;-;-
C86;Mango ciruelo (taperibá);56;234;84.5;0.6;0.3;14.2;-;-;0.4;39;27;-;0.7;-;0;0.05;0.19;0.67;5.9;-;-;-
C87;Toronja;33;138;89.8;0.6;0.4;8.8;7.7;1.1;0.4;34;16;0.07;2;-;46;-;0.01;0.2;50.6;-;-;-
C88;Tumbo costeño;22;92;93.3;0.4;0;5.8;-;-;0.5;11;15;-;0.4;-;6;0.01;0.04;0.47;34.4;-;-;-
C89;Tumbo serrano sin cáscara;37;153;84.5;2.1;0.4;12.1;7.4;4.8;1;8;34;-;0.28;12;2;0.02;0.11;4.56;159.94;-;4;447
C90;Tuna;46;194;82.3;0.8;0;15.4;12.1;3.3;1.5;16;26;0.12;0.3;-;2;0.01;0.04;0.36;19.5;-;-;-
C91;Tuna roja;36;150;86.2;1.3;0.2;12.1;8.3;3.8;0.2;136;20;0.26;0.17;0;0;0.01;0.04;0.42;33.66;-;33;143
C92;Ungurauy;307;1284;41.7;2.8;21.1;33.6;-;-;0.8;65;16;-;0.9;-;8;0.06;0.68;-;0;-;-;-
C93;Uva blanca;40;168;87.8;0.3;0.2;11.3;10.4;0.9;0.4;5;20;0.07;0.8;-;3;0.03;0.03;0.11;1.4;-;-;-
C94;Uva borgoña;79;330;77;0.9;0.3;21.3;20.4;0.9;0.5;18;32;0.07;1.1;-;3;0.01;0.13;0.32;4.7;-;-;-
C95;Uva italia;63;262;81.1;0.4;0.1;17.7;16.8;0.9;0.7;19;28;0.07;0.5;-;3;0.03;0.1;0.24;2.8;-;-;-
C96;Uva negra;63;265;81.2;0.2;0.1;18.1;17.2;0.9;0.4;6;20;0.07;2.2;-;3;0.05;0.04;0.15;2.2;-;-;-
C97;Uva quebranta;66;276;81.4;0.5;0.1;17.7;-;-;0.3;14;11;-;0.4;-;0;0.05;0.07;0.11;0.7;-;-;-
C98;Uvilla;64;268;82.4;0.3;0.3;16.7;-;-;0.3;34;10;-;0.6;-;0;0;0.22;0.3;0.6;-;-;-
C99;Zapote;73;305;79.7;0.9;0.3;18.8;-;-;0.7;10;20;0.15;0.24;-;130;0.02;0.09;1.42;0.21;-;21;160
C100;Aguaymanto;51;213;79.8;1.9;0;17.3;12.4;4.9;1;11;38;0.4;1.24;2640;440;-;-;-;43.3;-;-;293
C101;Blanquillo;47;198;84.8;1;0.3;13.3;11.6;1.8;0.6;-;-;-;1.06;0;0;-;-;-;0.77;-;-;-
C102;Carambola;23;98;91.7;1;0.5;6.5;4.5;2;0.3;5;9;0.12;1.16;30;5;0.04;0.08;-;22.67;-;11;56
C103;Carambola, refresco cocido de;6;27;98.5;0.2;0.3;0.9;-;;0.1;-;-;-;-;-;-;-;-;-;4.12;-;-;-
C104;Carambola, refresco natural de;5;21;98.9;0.2;0.3;0.6;0.5;0;0.1;0;0;0;0.02;1;0;0;0;-;5.67;-;0;1
C105;Coco rallado;596;2494;3.9;7.4;66.8;19.5;3.3;16.2;2.4;23;170;-;-;-;-;-;-;2.1;-;-;101;688
C106;Cocona, jugo natural de;0;1;-;-;-;0.8;0.1;0.7;-;9;0;-;0.72;-;-;-;-;-;0;-;23;-
C107;Durazno, néctar envasado;6;24;96.8;0;0;3.1;1.4;1.7;0.1;-;-;-;0.05;-;-;-;-;-;5.35;-;7;37
C108;Granadilla, jugo natural;25;103;90.3;1.1;0.2;7.3;5.4;1.9;1.1;6;42;-;0.42;0;0;0.04;0.04;0.71;11.25;-;4;112
C109;Guindón*;215;899;30.9;2.2;0.4;63.9;56.8;7.1;2.6;43;69;0.44;0.93;-;39;0.05;0.19;1.88;1;0;2;732
C110;Kiwi, sin cáscara;39;161;85.6;2.9;0.3;10.6;7.3;3.2;0.6;51;30;0.17;0.37;14;2;0.04;0.03;0.6;86.76;0;21;220
C111;Limón dulce, sin cáscara;20;83;90.7;1.4;0.4;7.1;4.8;2.3;0.4;30;0;0.31;0.17;-;0;0.03;0.02;0.2;29.46;-;16;66
C112;Limón, néctar envasado;57;237;85.7;0;0;14.2;14.1;0.1;0.1;-;-;-;0.01;-;-;-;-;-;8.66;-;19;18
C113;Mango, néctar envasado;44;185;87.4;0;0;12.5;11;1.5;0.1;-;-;-;0.03;-;-;-;-;-;0.94;-;26;15
C114;Manzana chilena verde con cáscara;38;158;87.5;0.2;0.3;11.4;9.7;1.8;0.6;-;-;-;0.83;0;0;-;-;-;0.23;-;-;-
C115;Manzana delicia “helada” con cáscara;47;195;83.5;0.2;0.1;16;12.6;3.4;0.3;-;-;-;0.82;2;0;-;-;-;0.31;-;-;-
C116;Manzana delicia roja con cáscara;52;216;82.9;0.3;0.1;16.5;14;2.6;0.3;-;-;-;0.3;15;3;-;-;-;0.26;-;-;-
C117;Manzana israel con cáscara;40;165;86.5;0.4;0.1;12.9;10.5;2.4;0.2;-;-;-;0.41;8;1;-;-;-;0.3;-;-;-
C118;Manzana, jugo natural, envasado;43;180;-;-;-;11;10.7;0.3;-;13;20;-;0.49;-;-;-;-;-;0;-;13;-
C119;Manzana, néctar envasado;38;160;90.3;0;0;9.5;9.5;0.1;0.1;-;-;-;0.02;-;-;-;-;-;13.53;-;37;29
C120;Manzana pero con cáscara (para agua);31;130;85.6;0.3;0.1;13.8;8.3;5.5;0.3;-;-;-;0.51;2;0;-;-;-;0.31;-;-;-
C121;Manzana santa rosa (golden) con cáscara;53;221;82.3;0.2;0.1;17.3;14.4;2.8;0.2;-;-;-;0.43;11;2;-;-;-;1.02;-;-;-
C122;Manzana winter con cáscara;44;186;84.4;0.3;0.1;15;12;3.1;0.2;-;-;-;0.27;4;1;-;-;-;0.36;-;-;-
C123;Maracuyá, jugo natural, envasado;35;145;-;-;-;10;8.7;1.4;-;11;0;-;0.2;-;-;-;-;-;0;-;11;-
C124;Maracuyá, néctar envasado;9;37;97.6;0;0;2.3;2.1;0.2;0.1;-;-;-;0.02;-;-;-;-;-;24.05;-;27;15
C125;Naranja, bebida envasada;56;235;85.2;0;0;14.7;14;0.7;0.1;-;-;-;0.02;-;-;-;-;-;52.25;-;9;46
C126;Naranja, jugo natural, envasado;16;69;-;-;-;5;4.1;0.9;-;10;0;-;0.11;-;-;-;-;-;72.94;-;7;-
C127;Naranja, néctar envasado;43;179;-;-;-;12.3;10.7;1.6;-;6;0;-;0.38;-;-;-;-;-;17.92;-;29;-
C128;Naranja tangelo;24;98;91;1;0.2;7.4;5.2;2.2;0.4;-;-;-;0.63;38;6;-;-;-;11.74;-;-;-
C129;Naranja tangelo, jugo natural;16;69;93;0.7;0.2;5.9;3.5;2.4;0.3;-;-;-;0.26;22;4;-;-;-;9.16;-;-;-
C130;Naranjilla*;28;117;91.8;0.7;0.1;6.8;-;-;0.6;8;14;-;0.4;-;-;0.06;0.04;1.5;65;-;4;294
C131;Palta “fuerte”;104;436;69.7;1.9;8.9;17.1;6.5;10.6;2.4;11;60;0.63;0.49;75;13;0.07;0.13;1.74;3.82;0;21;430
C132;Papaya arequipeña;17;72;94.4;1;0.3;3.7;3.3;0.5;0.7;-;-;-;0.3;0;0;-;-;-;34.45;-;1;326
C133;Pera, néctar envasado;46;192;88.5;0;0;11.5;11.4;0;0.1;-;-;-;0.02;-;-;-;-;-;0.81;-;25;6
C134;Piña, bebida envasada;29;121;91.7;0;0;8.3;7.2;1.1;0;-;-;-;0.01;-;-;-;-;-;33.87;-;7;5
C135;Plátano “bellaco”;102;427;67.5;1.3;0.1;29.5;26.9;2.6;1.6;8;20;0.06;0.38;377;63;0.05;-;0.83;0;-;15;359
C136;Plátano “moquicho”;100;419;67.4;1.2;0.1;29.7;26.5;3.2;1.7;7;20;0.1;0.47;-;-;0.04;-;0.77;0;-;13;355
C137;Plátano palillo;105;440;66.8;0.9;0.3;31;27.8;3.2;1;6;20;0.23;0.04;270;45;0.07;0.07;9.63;1.25;-;20;356
C138;Plátano palillo maduro, harina de;293;1227;10.5;4.1;1.1;81.6;75.1;6.4;2.8;22;60;0.96;2;0;0;0.15;0.16;2.24;5.23;-;39;1263
C139;Plátano palillo verde, harina de;295;1233;11.2;3.3;0.2;83.2;78.3;4.9;2.1;9;60;0.4;0.1;0;0;0.14;0.13;7.72;1.74;-;33;912
C140;Sancayo;17;73;94;0.8;0.6;4;2.7;1.3;0.7;-;-;-;0.16;0;0;-;-;-;53.84;-;2;270
C141;Warr’a;102;427;71;1.5;0.2;26.4;-;-;0.9;51;26;-;3.4;-;-;0.02;0.11;0.58;2.8;-;-;-
D1;Aceite compuesto (vegetal 70% pescado 30%);884;3699;0;0;100;0;-;-;0;0;0;-;0;-;0;0;0;0;0;-;-;-
D2;Aceite de pescado, hidrogenado;884;3699;0;0;100;0;-;-;0;0;0;-;0;-;0;0;0;0;0;-;-;-
D3;Aceite vegetal de algodón;884;3699;0;0;100;0;0;0;0;0;0;0;0;-;0;0;0;0;0;-;-;-
D4;Aceite vegetal de girasol;884;3699;0;0;100;0;0;0;0;0;0;0;0;-;0;0;0;0;0;-;-;-
D5;Aceite vegetal de maíz;884;3699;0;0;100;0;0;0;0;0;0;0;0;-;0;0;0;0;0;-;-;-
D6;Aceite vegetal de maní;884;3699;0;0;100;0;0;0;0;0;0;0.01;0;-;0;0;0;0;0;-;-;-
D7;Aceite vegetal de olivo;884;3699;0;0;100;0;0;0;0;0;0;0;0;-;0;0;0;0;0;-;-;-
D8;Aceite vegetal de palma;884;3699;0;0;100;0;0;0;0;0;0;0;0;-;0;0;0;0;0;-;-;-
D9;Aceite vegetal de soya;884;3699;0;0;100;0;0;0;0;0;0;0;0;-;0;0;0;0;0;-;-;-
D10;Almendra;552;2308;5.1;23.4;54.1;14.3;4.4;9.9;3.2;195;440;3.12;3.72;-;0;0.2;0.56;4.17;0;-;1;580
D11;Avellana;497;2079;3.1;12.6;52.9;28.4;2.6;25.7;3.1;144;200;2.2;3.3;-;2;0.48;0.11;5.64;2;-;61;714
D12;Cacao, semillas secas;570;2387;3.6;12;46.3;34.7;-;-;3.4;106;537;-;3.6;-;0;0.17;0.14;1.7;3;-;-;-
D13;Castaña peruana (nuez de Brasil);646;2702;3.9;15.4;69;8.4;3.7;4.7;3.4;144;630;4.06;2.1;-;0;0.75;0.17;1.48;2.7;-;22;467
D14;Maní crudo, pelado con película;559;2339;7.3;24.1;48.2;17.7;9.2;8.5;2.7;66;231;3.27;1.5;-;0;0.48;0.53;17;1.3;-;-;-
D15;Maní sancochado;374;1565;32.3;15.9;27.5;21.9;13.1;8.8;2.4;47;219;1.83;3.6;-;0;0.18;0.1;8.88;0;-;-;-
D16;Maní tostado, sin película;590;2469;2;27.1;51;16.9;8.9;8;3;48;298;3.31;2.2;-;0;0.08;0.35;21.6;0;-;-;-
D17;Manteca de cerdo;879;3676;0.5;0;99.4;0;0;0;0.1;0;0;0.11;0;-;0;0;0;0;0;-;-;-
D18;Manteca vegetal;880;3699;0.1;0;99.5;0;0;0;0.4;0;0;0;0;-;0;0;0;0;0;-;-;-
D19;Mantequilla;729;3050;16;2;82;0;-;-;0;0;0;-;0;-;671;0;0;0;0;-;-;-
D20;Mantequilla con sal;717;3000;15.9;0.9;81.1;0.1;0.1;0;2.1;24;24;0.09;0.02;-;684;0;0.03;0.04;0;-;-;-
D21;Margarina vegetal con sal;720;3012;16;0.6;81;0.3;0.3;0;2.1;0;0;0;0;-;819;0;0;0;0;-;-;-
D22;Nuez;653;2731;3.8;16.9;69.1;8.3;3.8;4.5;1.8;86;280;3.09;-;-;1;0.34;0.15;2.48;1.3;-;3;383
D23;Cashú;572;2393;2.3;19.5;51.1;24.4;18.8;5.7;2.6;61;440;-;-;-;-;-;-;1.07;-;-;6;0
D24;Chía, semilla de;360;1507;7.7;23.4;32.5;31.8;1.7;30.1;4.6;478;725;-;-;-;-;-;-;3.2;17.16;-;3;635
D25;Linaza;428;1792;8.1;21;42.5;0;0;27.9;2.9;228;400;-;3.41;-;-;-;-;1.36;-;-;42;0
D26;Margarina, Astra de La Danesa 60% grasa vegetal;506;2117;34.9;0;57.2;0;-;-;2.4;-;-;-;-;-;-;-;-;-;-;-;1048;-
D27;Margarina, Dorina Batida al 70% de grasa;597;2498;25.8;0;67.6;0;-;-;2.6;-;-;-;-;-;-;-;-;-;-;-;762;-
D28;Margarina, Dorina Clásica al 70% de grasa;578;2420;26.5;0;65.4;0;-;-;2.4;-;-;-;-;-;-;-;-;-;-;-;861;-
D29;Margarina, Dorina Light al 50% de grasa;409;1710;44.7;0;46.2;0;-;-;2.1;-;-;-;-;-;-;-;-;-;-;-;711;-
D30;Margarina, La Danesa 70% de grasa vegetal;590;2469;24.5;0;66.8;0;-;-;3.1;-;-;-;-;-;-;-;-;-;-;-;1247;-
D31;Margarina, La Preferida 70% grasa;598;2502;24.6;0;67.6;0;-;-;3.1;-;-;-;-;-;-;-;-;-;-;-;1229;-
D32;Margarina, Manty 40% de grasa vegetal;325;1361;50.6;0;36.8;0;-;-;4.9;-;-;-;-;-;-;-;-;-;-;-;1790;-
D33;Margarina, Sello de Oro;607;2539;24.8;0;68.6;0;-;-;2.3;-;-;-;-;-;-;-;-;-;-;-;926;-
D34;Margarina, Swis Light;407;1704;44.8;0;46.1;0;-;-;2.2;-;-;-;-;-;-;-;-;-;-;-;864;-
D35;Margarina, Swis 60% de grasa;479;2002;36.6;0;54.1;0;-;-;2;-;-;-;-;-;-;-;-;-;-;-;800;-
D36;Ñuña;383;1604;4.4;20.2;13.1;58.8;50;8.8;3.5;60;320;-;-;-;-;-;-;1.53;-;-;26;139
D37;Pecana;670;2804;3.9;9.1;73.8;11.7;5.2;6.5;1.5;43;210;4.53;2.53;-;3;0.66;0.13;1.87;1;0;1;349
D38;Sacha Inchi tostado;572;2392;2.8;30.2;54.4;9.9;2.8;7.1;2.7;267;420;-;-;-;-;-;-;0.58;-;-;3;0
D39;Semilla de ajonjolí*;525;2195;4.7;17.7;49.7;23.5;11.7;11.8;4.5;975;629;7.75;14.55;-;0;0.79;0.25;4.51;0;0;11;468
D40;Semilla de ajonjoli negro;499;2087;5.4;18.9;51.3;18.9;0.9;17.9;5.6;995;630;-;-;-;-;-;-;5.86;-;-;3;456
D41;Semilla de girasol;585;2449;2.4;23.8;58.6;11.8;3;8.8;3.4;98;635;-;7.69;-;6;1.92;0.22;8.17;-;-;2;640
E1;Almeja blanca;71;299;82.4;14.4;1.1;0;-;-;4.9;40;600;-;76.9;-;-;0.18;2.4;-;0;-;-;-
E2;Aska (crustáceo), al estado natural;462;1934;8;56.6;19.4;11.1;-;-;4.8;42;578;-;75;-;-;0.23;3.04;-;0;-;-;-
E3;Aska, sometido a cocción (crustáceo);467;1954;8;56;20.3;10.9;-;-;1.5;108;95;-;0.2;0;-;0.01;0.21;0.85;8.6;-;-;-
E4;Barquillos;89;372;78.2;18.5;0.5;1.3;-;-;14.6;524;650;-;4.9;0;15;0.03;0.11;3.4;0;-;-;-
E5;Camaroncito seco (chino);247;1034;29.6;52.3;1.9;1.6;-;-;1.4;117;263;1.11;0.1;0;54;0.02;0.13;1.4;5.2;-;-;-
E6;Camarones frescos;88;370;78;17.8;0.2;2.6;-;-;3.3;108;175;4.3;0.82;0;-;0.16;0.08;2.8;2;-;1000;110
E7;Cangrejo;94;395;75.2;19.8;0.6;1.1;-;-;2;423;203;4.3;4.1;-;651;0.06;0.34;1.8;-;0;41;265
E8;Cangrejo cocido*;97;407;78.4;14.8;2.9;1.9;-;-;1.8;158;106;1.63;2;0;26;0.02;0.39;1.25;7.8;0;206;347
E9;Caracol;87;365;78.6;16.9;0.8;1.9;1.9;0;1.7;85;130;0.82;1.5;0;2;0.03;0.35;1.68;9;-;-;-
E10;Chanque, loco o tolina;104;434;74.3;21.9;0.3;1.8;-;-;2.2;119;206;1.6;5.05;0;48;0;0.82;2.05;5.4;-;-;-
E11;Choros;91;383;78.7;13;2.3;3.7;-;-;2.2;12;219;-;0.29;0;-;0.05;0.79;1.8;11.6;-;-;-
E12;Concha de abanico;92;385;78.2;15.9;1.8;1.9;-;-;2.3;59;366;-;0.7;0;-;0.06;0.42;6.1;5.7;-;-;-
E13;Erizo;147;613;72.1;16.3;7.9;1.4;-;-;1.1;89;-;-;2.03;0;-;-;-;-;-;-;-;-
E14;Langostino blanco;69;289;83.8;14.5;0.8;-;-;-;2.1;102;81;-;1.2;0;-;0.09;0.6;1.2;9.3;-;-;-
E15;Lapas;86;361;78.1;18.5;0.4;0.9;-;-;1.3;172;180;1.37;4.8;0;90;0.08;0.19;1.77;0.8;-;-;-
E16;Machas;130;544;69.5;23.2;1.3;4.7;-;-;16;559;379;-;2.5;0;-;0.16;0.89;-;1.2;-;-;-
E18;Pescado anchoveta;156;651;70.8;19.1;8.2;0;-;-;1.2;77;276;1.72;3.04;0;15;0.01;0.21;0;8.7;-;-;-
E19;Pescado atún, en conserva;181;756;65.3;22.9;9.9;-;-;-;1.9;-;-;-;-;0;-;-;-;-;-;-;-;-
E20;Pescado atún, enlatado en agua;116;485;72.5;25.5;0.8;-;-;-;1.5;11;163;0.77;1.53;0;17;0.03;0.07;13.28;0;-;-;-
E21;Pescado atún, enlatado en aceite;186;778;63;26.5;8.1;-;-;0;2.2;4;267;0.47;1.2;0;5;0.02;0.08;11.7;0;-;-;-
E22;Pescado atún, fresco;141;591;70.4;23.3;4.6;-;-;-;1.6;-;-;-;-;0;-;-;-;-;-;-;-;-
E23;Pescado ayanque o cachema;88;368;77.2;19.6;0.5;0;-;-;1.3;126;240;-;0.3;0;-;0.02;0.1;2.5;4.7;-;-;-
E24;Pescado bacalao fresco;82;343;80.2;17.8;0.7;-;-;0;1.2;16;203;0.45;0.4;0;12;0.08;0.06;2.06;1;-;-;-
E25;Pescado bacalao seco salado;290;1212;16.1;62.8;2.4;-;-;-;18.7;160;950;1.59;3.6;0;42;0.27;0.24;7.5;4;-;-;-
E26;Pescado bagre;80;335;80.9;15.2;1.7;-;-;-;2;34;113;0.51;1.9;0;15;0.05;0.09;1.55;0.7;-;-;-
E27;Pescado bonito;138;577;70.6;23.4;4.2;-;-;-;1.5;28;258;0.3;0.7;0;-;0.01;0.07;12.8;1.6;-;40;293
E28;Pescado bonito, huevera de;101;423;75.5;17.2;3;0;-;-;1.5;24;274;1;1.8;0;90;0.07;0.4;2.77;10.1;-;-;-
E29;Pescado bonito, músculo claro;113;474;73.4;23.8;1.3;-;-;-;1.4;24;-;-;0.51;0;-;-;-;-;-;-;-;-
E30;Pescado bonito, músculo oscuro;140;585;68.9;21.1;5.5;0;-;-;1.1;39;-;-;8.66;0;-;-;-;-;-;-;-;-
E31;Pescado bonito, pulpa asada;136;568;69.9;24;3.7;0;-;-;1.7;15;206;-;1;0;-;0.01;0.04;-;-;-;-;-
E32;Pescado bonito, seco salado;184;770;44;32.3;5.1;0;-;-;16.2;112;164;0.3;6.1;0;-;0.07;0.13;6.25;0;-;40;293
E33;Pescado boquichico, salado deshidratado;287;1199;24.3;47.9;9.1;0;-;-;16.5;458;477;-;4.8;0;-;0.32;0.17;-;1;-;-;-
E34;Pescado caballa, en conserva;225;942;60.1;24.8;14;-;-;-;1.2;-;-;-;-;0;-;-;-;-;-;-;-;-
E35;Pescado caballa, fresco;127;533;73.8;19.5;4.9;0;-;-;1.2;-;-;-;-;0;-;-;-;-;-;-;-;-
E36;Pescado caballa, salado;152;635;65.2;25.2;4.9;-;-;-;4.7;-;-;-;-;0;-;-;-;-;-;-;-;-
E37;Pescado cabinza;96;402;77.8;19.1;1.6;-;-;-;1.3;60;239;-;2.34;0;-;0.01;0.3;3.9;2.5;-;-;-
E38;Pescado cabrilla;96;400;77.9;18.6;1.8;-;-;-;1.2;16;-;-;0.74;0;-;-;-;-;-;-;-;-
E39;Pescado carachama;64;268;82.8;14.2;0.4;0;-;-;1;140;151;-;1.2;0;-;0.02;0.07;2.12;4.8;-;-;-
E40;Pescado cazón;98;410;75;21.8;0.5;0;-;-;1.4;108;206;0.5;2.6;0;-;0.02;0.08;3.4;3.4;-;-;-
E41;Pescado chita;88;368;78;19.8;0.4;-;-;-;1.5;22;209;-;1.3;0;-;0.09;0.04;5.3;1.8;-;-;-
E42;Pescado chita, huevera de;62;259;83.8;12.3;1;-;-;-;2.4;28;390;1;1.8;0;90;0.09;0.12;1.43;9.8;-;-;-
E43;Pescado chita, pulpa asada;99;414;75.1;21;1;0;-;-;1.7;22;170;-;1;0;-;0.09;0.09;-;1.6;-;-;-
E44;Pescado coco;99;414;78.7;17.4;2.7;-;-;-;1.1;93;-;-;0.31;0;-;-;-;-;-;-;-;-
E45;Pescado cojinova;103;430;75.6;20.7;1.6;0;-;-;1.4;16;247;-;1.11;0;-;0.09;0.06;0.1;4.9;-;-;-
E46;Pescado congrio;73;307;82.1;15.7;0.7;-;-;-;1.1;8;-;-;0;0;-;-;-;-;-;-;-;-
E47;Pescado corvina;124;519;72.6;19.5;4.5;0;-;0;1.4;57;182;0.42;1.1;0;18;0.08;0.11;2.9;1.5;-;-;-
E48;Pescado fuasaco, con espinas;72;301;79.5;16.3;0.3;0;-;-;1.3;645;225;-;1.3;0;-;0.01;0.03;1.2;2.2;-;-;-
E49;Pescado jurel, en conserva;127;531;67;23.2;3.8;0;-;-;3.5;-;-;-;-;0;-;-;-;-;-;-;-;-
E50;Pescado jurel, fresco;120;503;75;19.7;4;-;-;-;1.2;30;325;-;1.8;0;-;-;-;-;-;-;-;-
E51;Pescado lenguado;91;381;79.1;18.8;1.2;-;-;0;1.2;18;184;0.45;0.7;0;10;0.09;0.08;2.9;2;-;-;-
E52;Pescado lisa;119;498;74.6;20.8;3.3;-;-;-;1.2;19;193;0.52;1;0;37;0.01;0.1;3.6;4.9;-;-;-
E53;Pescado lorna, fresco;96;402;76.3;18.5;1.9;0;-;-;1.2;4;178;-;1.59;0;-;0.06;0.12;3.7;0;-;-;-
E54;Pescado lorna, pulpa seca salada;150;628;44.8;30.9;2;0;-;-;18.7;260;172;-;5.7;0;-;0.07;0.13;2.75;3.9;-;-;-
E55;Pescado machete;136;570;72.5;20.5;5.4;-;-;-;1.2;49;217;-;1.9;0;-;0.01;0.08;4.7;5.9;-;-;-
E56;Pescado maparate, con espinas;73;304;79.1;15.1;0.9;0;-;-;1.2;455;186;-;1.1;0;-;0.01;0.05;1.2;9.8;-;-;-
E57;Pescado merluza, fresco;72;303;82.4;15.8;0.5;-;-;-;1.2;15;185;0.4;0.2;0;17;0.06;0.1;3.8;1;-;-;-
E58;Pescado merluza, seco;363;1519;9.2;73.8;5.3;-;-;-;11.7;-;-;-;-;0;-;-;-;-;-;-;-;-
E59;Pescado mero, fresco*;110;460;77.9;20.8;2.3;0;0;0;1.4;47;222;0.42;0.84;-;47;0.06;0.08;5.85;0;0;54;450
E60;Pescado paiche, seco;247;1033;40.4;38.2;9.3;0;-;-;9.5;50;209;-;3.3;0;-;0.01;0.12;5.6;-;-;-;-
E61;Pescado pampanito;106;444;76;19.2;2.7;0;-;-;1.3;126;132;0.72;0.3;0;33;0.14;0.17;3.6;6.6;-;-;-
E62;Pescado paña, salado deshidratado;288;1204;21.5;54.3;6.2;0;-;-;16.5;710;639;-;7.1;0;-;0.3;1;-;1.2;-;-;-
E63;Pescado pejerrey;105;441;76.5;19.6;2.4;-;-;-;1.4;105;311;-;0.7;0;-;0.01;0.05;4.5;0;-;-;-
E64;Pescado pejesapo;101;423;76;22.1;0.7;-;-;-;1.3;-;243;-;0.8;0;-;-;0.14;2.2;-;-;-;-
E65;Pescado pejesapo, pulpa asada;87;364;77.8;19.5;0.4;0;-;-;1.4;110;146;-;1.1;0;-;0.01;0.04;1.8;2.3;-;-;-
E66;Pescado pejesapo, pulpa sancochada;83;347;77.8;18.7;0.3;0;-;-;0.9;109;136;-;1;0;-;0.04;0.11;1.25;2.1;-;-;-
E67;Pescado perico;91;381;76.5;20.5;0.4;0;-;-;1.2;4;-;-;0.83;0;-;-;-;-;-;-;-;-
E68;Pescado pintadilla;85;356;77.4;18.8;0.5;0;-;-;1.3;80;193;-;1;0;-;0.1;0.11;2.83;5.3;-;-;-
E69;Pescado ractacara, con espinas;87;364;74.2;15.4;2.3;0;-;-;2.5;593;390;-;1.7;0;-;0.01;0.08;2.1;2.9;-;-;-
E70;Pescado raya, pulpa asada;136;569;65.9;31.1;0.4;0;-;-;1.4;15;215;-;1.2;0;-;-;0.15;3.85;0;-;-;-
E71;Pescado róbalo;95;397;76.5;21.3;0.5;-;-;-;1.2;23;177;0.4;0.1;0;55;0.01;0.07;5;5.4;-;-;-
E72;Pescado sardina, con aceite;267;1116;54.8;21.7;20;-;-;-;3.2;382;490;1.31;2.92;0;32;0.08;0.23;5.24;0;0;505;397
E73;Pescado sardina, con tomate;151;631;68;22.2;6.9;-;-;;2.9;240;366;1.4;2.3;0;34;0.04;0.23;4.2;1;0;414;341
E74;Pescado sardina, en grated (en conserva);171;714;65.4;22.4;9;-;-;-;3.2;151;473;1.31;1.6;0;32;1.3;0.04;3;3;-;-;-
E75;Pescado sardina, filete (en conserva);202;846;60.6;25.8;11;-;-;-;2.4;84;453;1.31;1.1;0;32;1.1;0.06;2.9;1.7;-;-;-
E76;Pescado sardina, fresco;146;610;71.3;20.2;6.6;0;-;-;1;41;-;-;1.9;0;-;-;-;-;-;-;-;-
E77;Pescado tilapia, cruda*;96;402;78.1;20.1;1.7;0;0;0;0.9;10;170;0.33;0.56;-;0;0.04;0.06;3.9;0;0;52;302
E78;Pescado toyo, fresco;89;371;78.8;19.5;0.6;-;-;-;1.1;20;229;-;3.43;0;-;0.04;0.13;4.5;29.3;-;-;-
E79;Pescado toyo, seco salado;186;776;38.3;38.6;2.3;0;-;-;19.7;-;-;-;-;0;-;-;-;-;-;-;-;-
E80;Pescado tramboyo;85;356;78.8;19.2;0.3;0;-;-;1;84;141;-;0.1;0;-;0.02;0.07;0.95;4.7;-;-;-
E81;Pescado trucha rosada;110;460;75.3;20.9;2.3;-;-;-;1.2;8;248;0.66;0.2;0;17;0.01;0.22;3.15;8.4;-;-;-
E82;Pescado trucha, en conserva;167;699;66.8;21.5;9;0;-;-;1.2;-;-;-;-;0;-;-;-;-;-;-;-;-
E83;Pescado trucha, fresca;111;465;75.8;19.5;3.1;-;-;-;1.2;19;245;0.66;0.22;0;17;0.35;0.33;4.5;1;0;52;361
E84;Pescado yahuarachi, con espinas;86;360;77.3;15.5;2.2;0;-;-;1.5;319;252;-;1.9;0;-;0.03;0.05;1.7;2.7;-;-;-
E85;Pescado yuliya, con espinas;85;356;77.6;16.9;1.4;0;-;-;1.5;723;244;-;1.9;0;-;0.01;0.1;3;2.3;-;-;-
E86;Pescado zúngaro, salado deshidratado;286;1196;24.1;47.3;9.3;0;-;-;17.6;308;398;-;6;0;-;0.39;0.21;-;1.2;-;-;-
E87;Pique;78;326;79.3;15.9;1.1;0;-;-;2.4;302;99;-;1.3;0;-;0.02;0.2;-;2;-;-;-
E88;Pota;91;380;78.1;16;1.1;3.1;-;-;1.7;9;180;1.53;0.08;0;10;0.02;0.06;1.8;2.3;-;-;-
E89;Pota, concentrado proteico de;396;1658;5.9;91.8;0.3;0.5;-;-;1.6;-;-;-;-;-;-;-;-;-;-;-;-;-
E90;Pulpo;80;334;81.6;13.6;1.4;2.2;-;-;1.1;53;126;1.68;3;0;45;0.02;0.05;1.49;3.2;-;-;-
F1;Ballena, carne pulpa de;90;377;78;18.6;1.2;0;-;-;1.5;33;132;-;2.5;-;-;0.12;0.21;0;2.8;-;-;-
F2;Carnero, cabeza sancochada de;111;464;79.2;14.2;5.6;0;-;-;1;17;130;-;2.1;-;-;0.02;0.24;1.8;0;-;-;-
F3;Carnero, corazón de;115;456;77;15.9;4.6;1.4;1.4;0;1.1;17;194;1.87;2.8;-;0;0.22;0.51;5.5;3.8;-;-;-
F4;Carnero, hígado de;131;549;72.1;19.9;4;2.6;2.6;0;1.4;24;199;4.66;6.3;-;7391;0.28;2.07;17.75;12.3;-;-;-
F5;Carnero, panza de (mondongo);72;301;83.8;15.7;0.6;0;0;0;0.2;45;33;1.42;0.9;-;0;0;0.05;0;0;-;-;-
F6;Carnero, patas sancochadas de;108;452;76.5;20.9;2.1;0;-;-;0.4;50;26;-;1;-;-;0.03;0.13;0.4;0;-;-;-
F7;Carnero, pulmón de (bofe);77;322;81;13.4;2.2;0;0;0;1.2;21;200;1.8;6.2;-;27;0.09;0.52;3.8;3.4;-;-;-
F8;Carnero, riñón;109;456;76.7;18;3.2;0.8;0.8;0;1.3;40;270;2.24;4.1;-;95;0.51;3;6.1;10;-;-;-
F9;Carnero, sesos de;113;473;79.1;10;7.8;0;0;0;1.3;7;252;1.17;2.7;-;0;0.34;0.17;2.9;11.4;-;-;-
F10;Carnero, pulpa gorda;267;1117;60.7;16.9;21.6;0;0;0;0.9;12;160;3.33;2.1;-;0;0.12;0.22;6.1;0;-;-;-
F11;Carnero, pulpa muy magra;136;569;73.8;19;6.1;0;-;-;1.1;7;180;-;2.2;-;-;0.09;0.21;2.9;0;-;-;-
F12;Carnero, pulpa semigorda;253;1059;61.4;18.2;19.4;0;0;0;1;7;190;3.52;2.5;-;0;0.07;0.15;2;0;-;-;-
F13;Cerdo, carne sin hueso;198;828;69.2;14.4;15.1;0.1;0.1;0;1.2;12;238;1.74;1.3;-;2;0.9;0.16;5.1;0.6;-;-;-
F14;Cerdo, hígado de;128;506;73.7;18.5;4.7;1.7;1.7;0;1.4;17;307;5.76;6.2;-;6502;0.3;2.49;14.9;9.8;-;-;-
F15;Cerdo, patas semigordas;284;1188;57;20;22;0;-;-;1;16;240;-;3;-;-;0.98;0.28;5.2;0;-;-;-
F16;Cerdo, pulmón de (bofe);79;331;81.3;13.5;2.4;0;0;0;0.9;17;169;2.03;3.4;-;0;0.1;0.27;3.05;4.3;-;-;-
F17;Cerdo, riñón de;139;582;75.4;13.9;8.8;0;0;0;1.1;6;210;2.75;5.2;-;59;0.35;2.96;7.9;7.2;-;-;-
F18;Chivo, carne pulpa de;115;481;73.9;19.4;3.6;0;0;0;1.2;8;186;4;3.1;-;0;0.15;0.22;1.1;0;-;-;-
F19;Conejo, carne pulpa de;136;569;72.8;20.1;5.6;0;0;0;0.7;13;213;1.57;-;-;0;0.1;0.15;7.27;0;-;-;-
F20;Gallina, pechuga de (sin piel);108;452;73.2;19.2;2.9;0;0;0;1.4;5;237;1.19;0.8;-;52;0.06;0.06;12.9;4.4;-;-;-
F21;Gallina, pierna de (sin piel);120;502;71.3;20.6;3.6;0;0;0;1.3;9;190;1.19;0.9;-;52;0.06;0.15;6.4;4.7;-;-;-
F22;Majaz, carne pulpa de;108;452;74.7;21.4;1.2;1.4;-;-;1.3;59;2;-;-;-;-;-;-;-;-;-;-;-
F23;Motelo, carne pulpa de;113;474;74.6;21.4;1.8;1.4;-;-;0.7;51;2;-;0.7;-;-;0.2;0.45;3;-;-;-;-
F24;Pato, carne de;326;1364;54.3;16;28.6;0;0;0;1;15;188;1.36;1.8;-;63;0.1;0.24;5.6;0;-;-;-
F25;Pavo, carne de;160;669;70.4;20.4;8;0;0;0;0.9;15;178;2.2;3.8;-;2;0.06;0.16;4.09;0;-;-;-
F26;Pollo, carne pulpa;119;498;74.5;21.4;3.1;0;0;0;1;12;173;1.54;1.5;-;16;0.07;0.14;8.24;2.3;-;-;-
F27;Pollo, corazón de;157;656;72.6;15.6;9.3;1.6;1.6;0;0.9;12;177;6.59;1.7;-;9;0.15;0.73;4.88;3.2;-;-;-
F28;Pollo, hígado de;125;523;73.6;18;3.9;3.4;-;-;1.2;11;272;3.07;8.56;-;3296;0.14;1.96;9.25;33.8;0;71;230
F29;Pollo, sangre cocida;69;289;82;16;0.1;-;-;-;1.1;14;115;-;29.5;-;8;0.01;0.03;-;4;-;-;-
F30;Pollo, sangre cruda de;65;272;83;15;0.1;-;-;-;1.4;12;101;-;27.3;-;8;0.01;0.33;-;4.5;-;-;-
F31;Rana, carne de;73;305;81.9;16.4;0.3;0;0;0;1.4;18;147;1;1.5;-;15;0.14;0.25;1.2;0;-;-;-
F32;Tortuga charapa, carne de;79;326;81.6;16.4;0.9;0.1;-;-;1;9;121;-;1.3;-;-;0.02;0.09;5.25;-;-;-;-
F33;Res, bazo de;92;385;78.1;18.9;1.2;0;0;0;1.5;7;161;2.11;28.7;-;89;0.17;0.38;3.55;10.1;-;-;-
F34;Res, cabeza sancochada de;111;460;77.1;18.6;3.4;0.2;-;-;0.7;57;110;-;0.5;-;-;0.04;0.24;1.04;0;-;-;-
F35;Res, carne pulpa de;105;439;75.9;21.3;1.6;0;0;0;1.1;16;208;4.32;3.4;-;0;0.03;0.13;6.82;0;-;-;-
F36;Res, corazón de;103;431;77;16.6;3.5;0.1;0.1;0;1;6;209;1.7;3.6;-;14;0.42;0.88;8.1;3.6;-;-;-
F37;Res, criadillas de;60;243;86.9;9.8;1.8;0.4;-;-;1.1;25;222;-;0.9;-;-;0.13;0.34;2.05;43.2;-;-;-
F38;Res, hígado de;140;584;70.8;20;4.6;3.3;3.3;0;1.3;13;166;4;5.4;-;4968;0.24;1.89;12.3;19.5;-;-;-
F39;Res, lengua de;173;723;71.1;16.5;11.2;0.3;0.3;0;0.9;9;166;2.87;2.2;-;0;0.09;0.55;3;1.9;-;-;-
F40;Res, panza de (mondongo);104;435;79.5;16.9;3.5;0;0;0;0.1;66;40;1.42;0.8;-;21;0.01;0.03;0.56;0;-;-;-
F41;Res, pata sancochada de;152;636;68.8;23.7;5.6;0;0;0;0.7;7;37;0.76;2.1;-;0;0.02;0.25;0.65;0;-;-;-
F42;Res, pulmón de (bofe);83;347;80;17.2;1.1;0;0;0;1;6;203;1.61;6.5;-;14;0.09;0.96;3.65;13.2;-;-;-
F43;Res, riñón de;92;384;79.6;15.1;2.9;0.3;0.3;0;1.1;17;132;1.92;6.8;-;419;0.37;1.3;4.6;9.9;-;-;-
F44;Res, sesos de;135;565;78.1;11.3;9.6;0;0;0;1.2;8;287;1.02;0.9;-;7;0.17;0.21;3.15;6.9;-;-;-
F45;Res, ubre de;233;977;66;14.1;19.2;-;0;0;0.7;69;112;-;2.9;-;-;0.1;0.15;1.5;4.3;-;-;-
F46;Carnero, carne seca sin hueso (chalona);320;1340;20.2;50.3;11.7;-;-;-;17.8;53;423;-;3.9;-;-;0.06;0.4;13.63;0;-;-;-
F47;Chicharrón de cerdo (cocido);602;2720;22.6;11.3;61.4;-;-;-;2.4;40;227;-;2.8;-;14;0.13;2.25;1.8;0;-;-;-
F48;Chicharrón de prensa;438;1824;29.9;23.9;37.2;-;-;-;6.6;60;119;-;2.2;-;-;0.01;0.28;2.25;1.4;-;-;-
F49;Chorizo;287;1201;52.3;21;21.9;-;0;0;3.8;56;149;3.41;4;-;0;0.3;0.36;-;0;-;-;-
F50;Jamón del país;344;1439;47.9;24.7;26.4;-;0;0;1.2;48;177;1.9;2.1;-;0;0.2;0.22;3.7;0;-;-;-
F51;Jamonada;344;1393;49.3;15.7;29.5;2.8;2.8;0;2.7;85;211;1.9;1.5;-;0;0.04;0.05;-;0;-;-;-
F52;Mortadela;256;1075;57.9;9.8;19.7;9.4;9.4;0;3.2;82;166;2.03;2;-;0;0.05;0.07;1.6;1;-;-;-
F53;Paté;500;2075;35;10.9;49.8;1.1;1.1;0;3.2;57;289;0.92;7.1;-;-;0.07;0.24;2.25;0;-;-;-
F54;Queso de chancho;242;1021;55.5;20.1;17.3;-;-;-;4.6;77;68;-;4.2;-;-;0.03;0.07;0.6;1.4;-;-;-
F55;Relleno;119;448;75.5;14.4;5;3.2;3.2;0;1.9;63;41;1.3;16.9;-;0;0.02;0.06;0.86;3.4;-;-;-
F56;Salchicha blanca chica;449;1845;40.1;12;43.2;2;2;0;2.7;22;114;1.84;3.2;-;18;0.3;0.13;2.8;2.3;-;-;-
F57;Salchicha blanca grande;363;1460;47.9;13.6;32.3;3.5;3.5;0;2.7;76;142;1.84;1.2;-;18;0.16;0.08;2.85;2.5;-;-;-
F58;Hot Dog;364;1531;49.4;11;34.3;2.1;-;-;3.2;76;202;2.02;1.3;-;0;0.03;0.07;3.72;0;-;-;-
F59;Salchicha de “Huacho”;461;1895;38.2;12.9;44;2.4;2.4;0;2.5;80;92;1.84;5.5;-;18;0.03;0.2;2.15;0;-;-;-
F60;Tocino;493;2050;32.8;13.5;47.9;0.8;0.8;0;5;26;70;1.17;1.2;-;11;0.24;0.12;2;1.9;-;-;-
F61;Alpaca, carne pulpa de;109;448;73.9;24.1;0.5;0.3;-;-;1.2;11;216;-;2.2;-;-;0.08;0.15;0;7;-;-;-
F62;Carnero, criadillas fritas**;97;406;78.4;15.8;3;1.6;-;-;1.2;16;282;-;5.8;-;0;0.16;0.4;3.74;0;-;-;-
F63;Carnero, panza cocida (mondongo)**;92;385;80.7;12.3;3.1;3.7;-;-;0.2;26;44;-;4.2;-;8;0.04;0.11;3.74;0;-;-;-
F64;Carnero, pierna cocida**;260;1088;56.4;24.8;17.6;0.5;-;-;0.7;32;201;-;3.6;-;8;0.09;0.19;1.12;0;-;-;-
F65;Carnero, sangre cocida**;122;510;74.4;20.4;4.5;0;-;-;0.6;21;20;-;59.2;-;422;0.01;0.08;2.42;0;-;-;-
F66;Cerdo, carne magra, cruda*;143;598;72.2;21.4;5.7;0;0;0;1.1;17;211;1.84;0.84;-;2;0.99;0.27;4.91;1;0;52;389
F67;Cerdo, corazón de**;131;548;74.1;15.9;6.2;2.9;-;-;0.9;9;163;-;5.72;-;0;0.42;0.95;5.28;0;-;-;-
F68;Cerdo, costilla, cruda*;282;1180;59.4;16.1;23.6;0;0;0;0.9;32;143;2.31;0.91;-;3;0.58;0.26;4.57;0;0;75;233
F69;Cerdo, churrasco c/piel*;527;2205;4.8;58.5;30.5;4.6;-;-;1.6;94;88;-;6.2;-;-;0.03;0.38;2.43;-;-;-;-
F70;Cerdo, cuero**;505;2113;14.5;48.4;34.6;0;-;-;2.5;15;-;-;-;-;-;-;-;-;-;-;-;-
F71;Cerdo, lengua cocida de**;325;1360;52.7;6.1;27.5;13;-;-;0.6;17;118;-;2.4;-;0;0.1;0.37;1.67;0;-;-;-
F72;Cordero, pierna cruda*;128;538;74.1;20.6;4.5;0;0;0;1.1;6;193;3.84;1.82;-;0;0.14;0.25;6.23;0;0;62;289
F73;Codorniz, carne cocida de **;199;833;59.8;21.1;8.4;9.6;-;-;1;78;129;-;4.6;-;4;0.06;1.06;2.53;0;-;-;-
F74;Cuy, carne de;96;402;78.1;19;1.6;0.1;0.1;0;1.2;29;258;1.57;1.9;-;0;0.06;0.14;6.5;0;-;-;-
F75;Llama, carne fresca de**;130;544;70.3;22.5;3.3;2.7;-;-;1.3;47;189;-;4.62;-;6;-;-;-;-;-;-;-
F76;Llama, carne seca de (charqui);279;1167;25.8;57.7;3.6;1.1;-;-;11.8;37;422;-;6.5;-;-;0.05;0.52;27;6.8;-;-;-
F77;Pate de hígado de pollo, envasado*;201;841;65.6;13.5;13.1;6.6;6.6;0;1.3;10;175;2.14;9.19;-;217;0.05;1.4;7.52;10;0;386;95
F78;Pollo, alas con piel, crudas*;222;929;65.2;18.3;16;0;0;0;0.7;12;132;1.33;0.95;-;44;0.05;0.09;5.93;1;0;73;156
F79;Pollo, molleja, cruda*;94;393;79.3;17.7;2.1;0;0;0;1;11;148;2.72;2.49;-;19;0.03;0.23;3.68;4;0;69;237
F80;Pollo, mollejas cocidas de**;149;623;68.1;23.7;4.9;2.6;-;-;0.7;57;78;-;7.8;-;1;0.06;0.28;2.42;0;-;-;-
F81;Pollo, pata con piel, cruda***;170;711;68.9;16.9;10;3.1;-;-;1.1;-;-;-;-;-;-;-;-;-;-;-;-;-
F82;Pollo, pechuga cocida de**;213;891;59.6;18.9;11.3;8.8;-;-;1.3;9;160;-;1.01;-;0;0.04;0.16;6.68;0;-;-;-
F83;Pollo, pechuga frita de**;393;1644;40;19.6;31.5;8;-;-;1;10;184;-;1.01;-;0;0.04;0.13;6.05;0;-;-;-
F84;Pollo, pierna cocida de**;193;808;63.8;20.2;10.5;4.4;-;-;1;10;184;-;0.98;-;0;0.06;0.34;6;0;-;-;-
F85;Pollo, pierna frita de**;218;912;59.9;20.7;12.4;5.9;-;-;1.1;10;182;-;0.95;-;0;0.06;0.24;6.82;0;-;-;-
F86;Pollo, vísceras o menudencia cruda*;168;703;69.8;17.9;9.2;2.1;2.1;0;1;10;198;3.01;5.93;-;3152;0.1;1.11;8.53;11;0;77;226
F87;Res, bazo cocido de**;116;485;72.4;18.2;2;6.3;-;-;1.1;15;173;-;57.6;-;24;0.06;0.32;1.81;0;-;-;-
F88;Res, carne frita**;182;761;66.8;15.4;10.7;6.1;-;-;1.1;10;179;-;3.6;-;5;0.09;0.25;2.97;0;-;-;-
F89;Res, carne cruda molida**;152;636;70.6;20.1;7.7;0.7;-;-;1;12;180;-;3.25;-;5;0.1;0.25;3.52;0;-;-;-
F90;Res, carne molida frita**;196;820;67;15.6;14.1;1.8;-;-;1.1;8;170;-;3.6;-;4;0.08;0.24;2.47;0;-;-;-
F91;Res, charque crudo**;292;1222;20;62.4;4.1;1.4;-;-;12.1;37;415;-;12.21;-;46;0.06;0.42;2.72;0;-;-;-
F92;Res, cuadril, churrasco***;133;556;71.8;22;5;0;-;-;1.2;-;-;-;-;-;-;-;-;-;-;-;-;-
F93;Res (ternera), costilla cruda***;95;397;76.3;20;1.7;0;-;-;2;5;201;-;2;-;-;-;-;-;-;-;88;325
F94;Res, hígado frito**;174;728;62.9;21;6.4;8;-;-;1.6;9;225;-;19.11;-;5811;0.26;3.76;9.57;8;-;-;-
F95;Res, lengua cocida**;269;1125;54.9;16.6;18.2;9.5;-;-;0.8;18;144;-;2.4;-;0;0.02;0.29;1.23;0;-;-;-
F96;Res, panza cocida**;116;485;75.5;19.7;4.1;0.4;-;-;0.5;59;81;-;2.7;-;65;0.06;0.32;0.8;0;-;-;-
F97;Res, pata de**;120;502;71;8.2;1.1;19.3;-;-;0.4;22;46;-;2.4;-;0;0.05;0.12;0.85;0;-;-;-
F98;Res, sangre cocida**;137;573;73.5;19.5;6.6;0;-;-;0.4;20;37;-;61.4;-;0;Tr,;0.07;0.75;0;-;-;-
F99;Res, sangre cruda**;135;565;73.6;19.8;6.2;0;-;-;0.6;22;40;-;64.4;-;18;0.01;0.05;1.2;5;-;-;-
F100;Sajino, carne pulpa de;106;444;75;21.4;1.1;1.3;-;-;1.3;64;2;-;-;-;-;-;-;-;-;-;-;-
F101;Venado, carne pulpa de;110;462;73.9;22.9;0.8;1.4;-;-;1;65;2;-;-;-;-;-;-;-;-;-;-;-
F102;Venado, carne seca de;160;632;57.1;32.4;1.4;2.4;-;-;6.7;60;298;-;1.9;-;-;0.09;0.34;10;-;-;-;-
F103;Ziqui - zapa (hormiga);487;2033;8;36.3;28.9;18.4;-;-;8.4;89;309;-;12.7;-;-;0.44;1;-;0;-;-;-
G1;Crema de leche, espesa;345;1443;57.7;2.1;37;2.8;2.8;0;0.5;65;62;0.23;0.1;-;411;0.02;0.11;0.04;0.6;-;-;-
G2;Crema de leche, rala;195;816;73.8;2.7;19.3;3.7;3.7;0;0.6;96;80;0.27;0.1;-;181;0.03;0.15;0.06;0.8;-;-;-
G3;Leche condensada endulzada;322;1347;27.2;7.9;9.2;53.7;53.7;0;2;276;107;0.94;0.1;-;74;0.01;0.53;0.25;0;-;-;-
G4;Leche en polvo descremada;362;1515;3.2;36.2;0.8;52;52;0;7.9;1257;968;4.08;1.2;-;6;0.42;1.55;0.95;6.8;-;-;-
G5;Leche en polvo entera;484;2025;3.9;27;26.1;36.1;36.1;0;6.9;848;888;3.34;0.2;-;257;0.29;1.02;1.9;9;-;-;-
G6;Leche evaporada descremada;79;331;80;7.1;0.9;10.5;10.5;0;1.5;-;-;-;-;-;310;-;-;-;13;-;-;-
G7;Leche evaporada entera;133;556;73.5;6.3;7.7;10.9;10.9;0;1.6;231;203;0.77;-;-;65;0.03;0.66;0.31;0;-;-;-
G8;Leche fresca c/menos de 1% grasa;43;180;90.1;3.5;1;4.7;4.7;0;0.7;130;96;0.39;0.05;-;72;0.04;0.17;0.09;5.2;-;-;-
G9;Leche fresca entera (plusa);64;268;87.8;3.2;3.2;5.1;5.1;0;0.7;106;103;0.38;0.3;-;30;0.05;0.2;0.12;0.5;-;-;-
G10;Leche fresca de cabra;66;276;87.3;3.2;3.8;5;5;0;0.7;171;125;0.3;-;-;51;0.2;0.06;0.09;0;-;-;-
G11;Leche fresca de vaca;63;264;87.8;3.1;3.5;4.9;4.9;0;0.7;106;94;0.4;1.3;-;28;0.05;0.2;0.12;0.5;-;-;-
G12;Leche materna;70;293;87.5;1;4.4;6.9;6.9;0;0.2;32;14;0.17;0;-;61;0.01;0.04;0.18;5;-;-;-
G13;Queso fresco de cabra;173;724;65.1;16.3;10.3;3.4;3.4;0;4.9;310;146;0.92;0.8;-;288;0.01;0.63;0.24;0;-;-;-
G14;Queso fresco de vaca;264;1105;55;17.5;20.1;3.3;3.3;0;4.1;783;375;-;1.3;-;420;0.03;0.43;0.15;0;-;-;-
G15;Queso mantecoso;396;1657;33.5;28;30;3.3;3.3;0;5.2;1076;517;-;1.5;-;-;0.09;0.46;0.09;0;-;-;-
G16;Queso parmesano duro;440;1841;22.2;39.1;30.3;1.8;1.8;0;6.6;1260;393;2.75;0.6;-;108;0.01;0.38;0.23;0;-;-;-
G17;Yogurt de leche entera;61;255;87.9;3.5;3.3;4.7;4.7;0;0.7;121;95;0.59;0.05;-;30;0.03;0.14;0.08;0.53;-;-;-
G18;Yogurt frutado de leche semidescremada;97;406;73.8;4.1;2.8;18.5;18.2;0.3;0.8;105;105;0.67;0.05;-;12;0.04;0.4;0.08;0.53;-;-;-
G19;Yogurt frutado de leche descremada;95;397;75.4;4.4;0.2;19;19;0;1;152;119;0.74;0.07;-;2;0.04;0.18;0.1;0.7;-;-;-
G20;Yogurt natural de leche descremada;56;234;85.2;5.7;0.2;7.7;7.7;0;1.2;199;157;0.97;0.09;-;2;0.05;0.23;0.12;0.9;-;-;-
G21;Leche fresca de vaca, descremada***;30;126;91.5;2.5;0;5;5;0;1;-;-;-;-;-;-;-;-;-;-;-;-;-
G22;Leche parcialmente descremada sabor “chocolate” UHT;82;341;82;3;2.8;11.3;11.3;0;0.9;97;-;0.38;0.3;-;149;-;-;-;-;-;74;141
G23;Queso andino;375;1567;42;22.6;31.4;0.6;0.6;0;3.5;736;-;4.43;0.12;-;555;-;-;-;-;-;608;66
G24;Queso Paria;298;1246;48.9;19.2;24.5;0;0;0;7.4;629;-;3.99;0.08;-;433;-;-;-;-;-;2254;45
G25;Yogurt bebible descremado durazno con calcio;50;210;86.6;4.1;0.1;8.1;8.1;0;1.1;213;-;2.39;0.02;-;0;-;-;-;-;-;49;201
G26;Yogurt bebible de fresa;78;327;80.9;2.7;1.2;14.5;14.5;0;0.6;127;-;0.4;0.08;-;43;-;-;-;-;-;40;124
H1;Cerveza;36;151;94.5;0.3;0;5.1;5.1;0;0.1;0;15;0.01;0.1;-;0;0.01;0.03;0.06;0;-;-;-
H2;Chicha de aguaje;54;226;87.2;0.4;0.8;11.2;-;-;0.4;14;4;-;0.4;-;171;0.01;-;0.11;0;-;-;-
H3;Chicha de cebada;24;100;94;0.1;0.2;5.5;-;-;0.2;10;1;-;1.1;-;0;0.01;0.03;0;0;-;-;-
H4;Chicha de jora;28;117;93.2;0.4;0.3;5.8;-;-;0.3;22;18;-;1.8;-;-;0.02;0.1;0.2;2.4;-;-;-
H5;Chicha de maíz morado con azúcar;20;84;95;0;0;4.9;-;-;0.1;24;4;-;1.3;-;-;0;0.1;0.04;1.9;-;-;-
H6;Chicha de maní;34;142;92.1;0.5;0.8;6.3;-;-;0.3;12;6;-;1;-;-;0.01;0.02;0.4;0;-;-;-
H7;Chicha de pijuayo;47;197;88.3;0.8;0.1;10.6;-;-;0.2;22;10;-;0.5;-;197;0.02;0.06;0.36;4.9;-;-;-
H8;Chicha de soya;41;172;89.9;0.6;0.2;9.1;-;-;0.2;11;13;-;1.1;-;-;0;0.03;0.08;0.3;-;-;-
H9;Chicha de yuca (masato);37;155;90.4;0.2;0.1;8.9;-;-;0.4;11;14;-;0.6;-;-;0.03;0.1;0.19;4.2;-;-;-
H10;Coca Cola;39;163;89.5;0;0;10.5;10.5;0;0;0;0;0.01;0;-;0;0;0;0;0;-;-;-
H11;Inca Kola;41;172;89;0;0;11;-;-;0;0;0;-;0;-;0;0;0;0;0;-;-;-
H12;Bebida de soya;38;159;91.4;3;1.4;3.8;2.5;1.3;0.4;36;30;0.44;0.4;-;31;0.05;0.04;0.2;0;-;-;-
H13;Té sin azúcar;1;4;99.6;0.1;0;0.2;0.2;0;0.2;3;1;0.01;0.2;-;0;0;0;0.03;0;-;-;-
H14;Vino blanco (grado alcohólico: 12,0);81;338;-;-;-;-;-;-;-;-;-;-;0;-;-;-;-;-;-;-;-;-
H15;Vino tinto (grado alcohólico: 10,2);69;287;-;-;-;-;-;-;-;-;-;-;0;-;-;-;-;-;-;-;-;-
H16;Café sin azúcar;2;8;99.1;0.1;0;0.6;0.6;0;0.2;4;3;0.01;0.2;-;0;0;0;0.24;0;-;-;-
J1;Huevo de charapa;222;929;61.3;16.3;16;1.8;;-;4.6;388;440;-;2.2;-;-;0.02;0.55;0.06;-;-;-;-
J2;Huevo de gallina, clara de;51;213;87.6;10.9;0.2;0.7;0.7;0;0.6;7;15;0.03;0.08;-;0;0;0.44;0.11;0;-;-;-
J3;Huevo de gallina entero, sancochado en agua;145;605;75.6;12.8;9.9;-;-;-;0.9;44;160;1.61;3.04;-;169;0.07;0.39;0.12;-;-;-;-
J4;Huevo de gallina entero, crudo;156;652;72.2;12.7;11.1;-;-;-;1.1;29;140;1.49;2.6;-;140;0.08;0.26;0.13;-;-;-;-
J5;Huevo de gallina, yema de;354;1481;50.1;15.6;30.9;1.9;1.9;0;1.5;136;449;2.3;4.3;-;381;0.18;0.36;0.13;0;-;-;-
J6;Huevo de tortuga motelo;143;598;73.5;16.4;7.3;1.6;-;-;1.2;85;24;-;0.8;-;52;0.04;0.19;0.03;-;-;-;-
J7;Huevo de pata;166;695;72.5;13.1;11.1;2.3;2.3;0;1;58;193;1.41;1.7;-;194;0.13;0.55;0.11;1;-;-;-
J8;Huevo de pata, yema de;426;1782;41.7;15.1;38.8;2.8;2.8;0;1.6;145;430;2.3;4.7;-;381;0.36;0.66;0.12;0;-;-;-
J9;Huevo de tortuga taricaya;178;745;66;15.1;11.3;2.9;-;-;4.7;322;431;-;1.4;-;-;0.05;1.07;0.05;-;-;-;-
J10;Huevo de gallina, clara sancochada en agua;55;229;86;11.9;0.3;-;-;-;0.8;-;-;-;-;-;-;-;-;-;-;-;-;-
J11;Huevo de gallina, yema sancochada en agua;360;1507;48.7;16.3;32.1;-;-;-;1.9;120;500;4.62;8.25;-;678;0.24;0.71;0.14;-;-;-;-
J12;Huevo de codorniz, entero crudo;140;586;70.8;12.6;9.4;-;-;-;1.2;64;-;1.47;3.65;-;156;-;-;-;-;-;-;-
J13;Huevo de codorniz, entero sancochado en agua;168;701;69.9;12.7;12.4;-;-;-;1.1;-;-;-;-;-;-;-;-;-;-;-;-;-
J14;Huevo de codorniz, clara sancochada en agua;47;197;86.4;10.6;0.1;-;-;-;0.8;-;-;-;-;-;-;-;-;-;-;-;-;-
J15;Huevo de codorniz, yema sancochada en agua;295;1234;50.2;13.5;26.2;-;-;-;1.7;-;-;-;-;-;-;-;-;-;-;-;-;-
K1;Azúcar granulada o refinada;384;1619;0.6;0;0;99.2;99.2;0;0.2;1;0;0;0.1;-;0;0;0.02;0;0;-;-;-
K2;Azúcar rubia;380;1590;2;0;0;97.5;97.5;0;0.5;45;2;0.18;1.7;-;0;0;0.03;0.06;0;-;-;-
K3;Chancaca;324;1356;15.8;0;0;83.9;83.9;0;0.3;46;2;0.29;3.2;-;0;0;0.11;0.08;0;-;-;-
K4;Miel de abeja;330;1381;14.1;0;0;85.6;85.4;0.2;0.3;26;10;0.22;0.4;-;0;0.02;0.03;0.16;1.3;-;-;-
K5;Miel de caña;282;1180;26.3;0.3;0.2;72;72;0;1.2;69;43;-;1;-;0;0;0.08;0.29;5.1;-;-;-
K6;Mermelada de durazno;196;820;48.2;0.6;0.1;50.7;-;-;0.4;8;13;-;1.4;-;-;-;-;-;-;-;-;-
K7;Mermelada frutilla;229;958;39.7;0.4;0.2;59.4;-;-;0.3;40;13;-;1.2;-;-;-;-;-;-;-;-;-
L1;Achiote seco;388;1623;3.1;11.3;5.3;74.9;-;-;5.4;11;13;-;5.6;-;61;0.45;0.16;1.97;0;-;-;-
L2;Algas;249;1042;3.4;67.8;6.5;15.3;-;-;7;630;11;-;32;-;-;0.55;1;-;-;-;-;-
L3;Azafrán sin cáscara (palillo fresco);71;298;80.3;1.3;0.4;16.7;-;-;1.3;32;33;-;0.9;-;0;0.01;0.05;0.36;0;-;-;-
L4;Café grano sin tostar;203;849;6.3;11.7;10.8;68.2;-;-;3;120;178;-;2.9;-;3;0.22;0.06;1.3;-;-;-;-
L5;Cochayuyo fresco;20;84;90.1;1.7;0.4;4.7;2.5;2.2;3.1;90;20;0.14;0.69;65;11;0.04;0.14;1.44;0.82;-;167;392
L6;Cocoa;404;1690;8.7;19;17.1;47.8;-;-;7.4;220;801;-;10.5;-;-;0.02;0.2;2.5;18.9;-;-;-
L7;Cominos;375;1569;8.1;17.8;22.3;44.2;33.7;10.5;7.6;931;499;4.8;1.2;-;64;0.63;0.33;4.58;8;0;168;1788
L8;Extracto de algarrobo en polvo;340;1423;12.5;12;3.2;65.8;-;-;6.5;450;617;-;6.6;-;-;0.18;0.29;2.5;-;-;-;-
L9;Champiñones;22;94;90.3;3;0.4;5.6;1.7;3.9;0.7;1;65;0.76;0.32;0;0;0.08;0.59;3.66;5.65;-;5;246
L10;Laurel;188;787;45.2;4.2;1.2;47.1;-;-;2.3;187;70;-;5.4;-;175;0.04;0.21;1.7;54;-;-;-
L11;Pimienta negra;255;1067;10.5;11;3.3;71;44.5;26.5;4.3;437;173;1.42;12.6;-;15;0.11;0.24;1.14;21;-;-;-
L12;Té hojas secas;308;1289;11.4;8;4;71.4;-;-;5.2;400;300;-;11.9;-;0;0.08;0.73;6.5;5;-;-;-
L13;Yuyo fresco;41;172;86.1;2.1;0.1;8;-;-;3.7;225;49;-;10.6;-;86;0.03;0.21;0.37;0;-;-;-
L14;Ají dulce seco, molido (paprika);362;1516;9.1;14.5;17.9;49.5;-;-;9;-;-;-;-;-;-;-;-;-;-;-;-;-
L15;Algarrobina (líquida);368;1539;5.2;5.2;0.2;85.5;-;-;3.9;-;-;-;-;-;-;-;-;-;-;-;-;-
L16;Anís, semilla*;337;1410;9.5;17.6;15.9;50;35.4;14.6;7;646;440;5.3;36.96;-;16;0.4;0.29;3.06;21;0;16;1441
L17;Caldo de res*;40;167;92.4;1.2;2.4;3.3;-;-;0.7;14;46;-;0.9;-;-;0.05;0.06;0.96;6;-;-;-
L18;Caldo de pollo, o gallina*;89;372;88.1;0.2;9.8;0;-;-;1.4;5;30;-;0.4;-;-;0.02;0.04;1.08;0;-;-;-
L19;Clavo de olor, molido*;323;1351;6.9;6;20.1;61.2;27;34.2;5.9;646;105;1.09;8.68;-;27;0.12;0.27;1.46;81;0;243;1102
L20;Canela, molida*;261;1092;9.5;3.9;3.2;79.9;25.6;54.3;3.6;1228;61;1.97;38.07;-;14;0.08;0.14;1.3;29;0;26;500
L21;Condimentos o especies molidas no especificadas*;263;1100;8.5;6.1;8.7;72.1;50.5;21.6;4.7;661;113;1.01;7.06;-;27;0.1;0.06;2.86;39;0;77;1044
L22;Cushuro o nostoc deshidratada (alga);242;1013;15.1;29;0.5;46.9;-;-;8.5;147;64;-;83.6;-;-;0.2;0.41;-;0;-;-;-
L23;Levadura fresca para pan**;113;473;70.6;13.4;0.3;14.2;-;-;1.6;20;247;-;2.3;-;-;-;-;-;-;-;-;-
L24;Levadura seca**;359;1502;7.2;41.6;1.2;45.5;-;-;4.5;47;763;-;9.8;-;-;0.84;10;2.86;-;-;-;-
L25;Nuez moscada, molida*;440;1842;6.2;5.8;36.3;49.3;28.5;20.8;2.3;184;213;2.15;3.04;-;5;0.35;0.06;1.3;3;0;16;350
L26;Pimienta blanca*;296;1238;11.4;10.4;2.1;68.6;42.4;26.2;1.6;265;-;-;14.31;-;-;-;-;-;21;-;-;-
L27;Salsa envasada, inglesa*;67;280;78.5;0;0;19.5;19.5;0;2;107;60;0.19;5.3;-;5;0.07;0.13;0.7;13;0;980;800
L28;Setas;19;80;90.5;2.3;0.1;6.5;2.1;4.4;0.6;4;30;0.43;0.29;0;0;0.04;0.19;4.09;1.13;-;3;303
L29;Vainilla, extracto*;288;1205;52.6;0.1;0.1;12.7;12.7;0;0.3;11;6;0.11;0.12;-;0;0.01;0.09;0.43;0;0;9;148
Q1;Al 110 maternizada;502;2100;3;14;25;55.3;-;-;2.7;450;300;-;6;-;360;0.3;0.7;3.7;40;-;-;-
Q2;Cerelac manzana;414;1732;3;11;7.4;75.6;-;-;3;275;225;-;6.3;-;225;0.2;0.3;3.8;20;-;-;-
Q3;Cerelac trigo;425;1778;1.5;11.5;7.8;77.2;-;-;2;275;225;-;6.3;-;225;0.2;0.3;3.8;20;-;-;-
Q4;Eledón maternizada;417;1745;3;27.9;12;49.8;49.8;0;7.3;1070;843;-;0.4;-;-;0.26;0.89;1.1;10.4;-;-;-
Q5;Nan maternizada;509;2130;3;11.4;26;57.7;-;-;1.9;320;160;-;6;-;360;0.3;0.7;3.8;41;-;-;-
Q6;Nestúm cereal mixto;380;1590;3;9.4;1.2;82.9;-;-;3.5;690;570;-;15.6;-;563;0.6;0.7;9.4;45;-;-;-
Q7;Nestúm tres cereales;376;1573;4;10.7;2.4;77.8;-;-;5.1;690;570;-;14.7;-;563;0.6;0.7;9.4;45;-;-;-
Q8;Pelargón maternizada;458;1916;3;16.5;17.1;59.6;-;-;3.8;590;460;-;6;-;329;0.3;0.4;3.4;37;-;-;-
T1;Arveja partida, harina de;346;1448;10.1;21.6;1.1;64.4;-;-;2.8;102;351;-;5.5;-;0;0.2;0.25;4.12;1.5;-;-;-
T2;Arveja, fresca sin vaina;85;357;72.6;7.1;0.6;18.8;13.7;5.1;0.9;27;134;1.24;1.7;-;38;0.28;0.18;2.15;22.3;-;3;331
T3;Arveja, seca sin cáscara;247;1033;11.5;21.7;3.2;61.1;35.6;25.5;2.5;65;289;3.01;2.6;-;7;0.25;0.15;3.43;3.5;-;-;-
T4;Arvejón;238;997;12.1;21.4;1.9;61.9;36.4;25.5;2.7;60;263;3.01;7.5;-;7;0.37;0.19;3.03;1.8;-;-;-
T5;Frejol aguisho;231;968;12.6;22.7;1.6;59.1;34.2;24.9;4;138;450;2.79;8.5;-;0;0.47;0.25;2.03;5.7;-;-;-
T6;Frejol amarillo común;232;970;12.6;21.1;1.5;61;35.9;25.1;3.8;94;455;2.83;9.7;-;0;0.39;0.26;2.07;3.5;-;-;-
T7;Frejol bayo;244;1021;14.2;20.3;2.2;59.5;38.1;21.4;3.8;99;386;2.76;5.81;-;0;0.31;0.22;1.84;4.5;-;25;1083
T8;Frejol bayo americano;232;971;13.4;20.3;1.5;61.5;36.6;24.9;3.3;153;314;2.79;6.6;-;0;0.6;0.22;2.27;4.5;-;25;1083
T9;Frejol zarandaja;236;985;12.8;21.7;1.8;60.3;35.7;24.5;3.4;67;289;2.4;5.41;-;0;0.59;0.17;1.6;4.5;-;-;-
T10;Frejol bountiful bean;334;1397;12.9;17.3;0.9;65.2;-;-;3.7;104;396;-;8.4;-;-;0.15;0.21;2.01;-;-;-;-
T11;Frejol bush bean;227;951;13.3;24.2;1.6;56.8;31.9;24.9;4.1;80;511;2.79;7.3;-;0;0.11;0.23;1.98;4.5;-;-;-
T12;Frejol caballero;267;1119;12.5;22.9;1.5;58.3;43.1;15.2;4.8;137;274;3.67;5.1;-;0;0.23;0.05;2.9;2.5;-;-;-
T13;Frejol caballero o blanco cocido;67;279;75.8;5.1;0.4;17.5;11.2;6.3;1.2;46;75;1.38;1.4;-;0;0.01;0;0.59;0;-;-;-
T14;Frejol california;232;970;13.2;20.7;2.1;59.9;35;24.9;4.1;170;447;2.79;7;-;0;0.4;0.38;1.58;4.5;-;-;-
T15;Frejol canario;236;988;11.7;21.9;2.1;60.1;35;25.1;4.2;138;351;2.83;6.6;-;0;0.16;0.01;1.5;6.3;-;43;1212
T16;Frejol canario cocido;43;180;77.8;5.2;0.5;15.5;5.1;10.4;1;45;85;1.06;1.6;-;0;0.01;0;0.29;0;-;-;-
T17;Frejol canario, fresco (frejol verde);102;427;58.4;9.7;0.6;29.6;15.6;14;1.7;60;287;-;2.18;0;0;0.17;0.07;1.54;5.22;-;3;-
T18;Frejol canario serranito;238;996;12.2;19.2;1.8;63.3;38.4;24.9;3.5;149;362;2.79;4;-;0;0.41;0.45;2.65;4.5;-;43;1212
T19;Frejol caraotas;228;955;13.5;21.2;1.4;60;35.1;24.9;3.9;129;413;2.79;9.9;-;0;0.32;0.23;1.75;4.5;-;-;-
T20;Frejol castilla;227;950;13.3;23.3;2.7;56.9;30.5;26.4;3.9;97;387;3.96;6.65;0;0;0.5;0.44;1.57;2.1;-;-;-
T21;Frejol chavín;234;978;12.6;19.2;1.4;63.1;38.2;24.9;3.7;95;392;2.79;4.2;-;0;0.63;0.23;2.45;4.5;-;-;-
T22;Frejol chiclayo;223;934;15.1;21.4;1.6;58.2;33.3;24.9;3.7;72;399;2.79;9.8;-;0;0.61;0.3;2.25;2.6;-;-;-
T23;Frejol chiclayo dosmesino fresco;100;419;73.2;8.4;0.4;16.6;-;-;1.4;26;149;-;2.7;-;12;0.26;0.2;1;6.1;-;-;-
T24;Frejol cocacho;230;963;13.1;21.3;1.2;60.8;35.9;24.9;3.6;104;397;2.79;7.8;-;0;0.2;0.2;1.44;4.5;-;-;-
T25;Frejol dulce (ancash);236;988;12.4;19.4;1.8;62.7;37.8;24.9;3.7;140;411;2.79;5.2;-;0;0.53;0.47;2.6;4.5;-;-;-
T26;Frejol negro;270;1131;13.6;18.2;1.3;63.4;48.2;15.2;3.5;133;308;3.65;9.3;-;0;0.34;0.45;1.74;2.3;-;30;1074
T27;Frejol nucya blanco;237;990;12.5;20;1.9;62.1;37.2;24.9;3.5;173;354;2.79;3.3;-;0;0.46;0.51;1.9;4.5;-;-;-
T28;Frejol nucya plomo;233;975;12.9;19.8;1.6;62;37.1;24.9;3.7;104;376;2.79;3;-;0;0.32;0.6;2.07;4.5;-;-;-
T29;Frejol palo;345;1442;10.3;18.4;1.4;66.1;-;-;3.8;114;388;-;2.9;-;0;0.84;0.25;2.95;4.6;-;-;-
T30;Frejol palo, fresco (lenteja verde);82;341;67.6;7;0.8;23.2;12.5;10.7;1.5;114;388;-;1.09;0;0;0.84;0.25;2.95;7.06;-;1;500
T31;Frejol panamito;235;981;12.2;21.5;1.7;60.7;35.8;24.9;3.9;174;427;2.81;6.3;-;0;0.59;0.32;2.07;5.8;-;13;77
T32;Frejol plomo;236;987;12.7;20.1;1.8;62;37.1;24.9;3.4;90;412;2.79;6.6;-;0;0.13;0.2;1.4;4.5;-;-;-
T33;Frejol pole bean;229;960;13.2;22.4;1.2;59.7;34.8;24.9;3.5;125;421;2.79;8.3;-;0;0.12;0.25;2.11;4.5;-;-;-
T34;Frejol red kidney;270;1128;13.6;19.2;1.2;62.6;47.4;15.2;3.4;107;393;2.79;4.6;-;0;0.21;0.17;2.62;-;-;-;-
T35;Frejol shimpe fresco;51;213;86;3.7;0.1;9.1;-;-;1.1;46;78;-;1.4;-;0;0.21;0.14;-;1;-;-;-
T36;Frejol soya;369;1542;9.5;33.7;18.7;32.7;23.4;9.3;5.4;314;759;4.36;7.42;-;0;0.73;0.41;2.6;6;-;63;1079
T37;Frejol tarhui o chocho cocido con cáscara;140;584;69.7;11.6;8.6;9.5;6.7;2.8;0.6;30;123;1.38;1.4;-;0;0.01;0.34;0.95;0;-;-;-
T38;Frejol tarhui o chocho, harina de;458;1916;7;49.6;27.9;12.9;-;-;2.6;93;440;-;1.38;-;-;-;-;-;-;-;-;-
T39;Frejol tarhui o chocho, seco;277;1159;46.3;17.3;17.5;17.3;-;-;1.6;54;262;4.75;2.3;-;1;0.6;0.44;2.1;4.6;-;-;-
T40;Frejol terciopelo;358;1498;11.5;21;5.6;58.5;-;-;3.4;104;321;-;8;-;-;0.42;0.31;1.6;-;-;-;-
T41;Frejol vacapaleta;226;948;15.6;18.3;2.4;60.1;35.2;24.9;3.7;127;439;2.91;4.53;-;1;0.16;0.2;2.35;4.5;-;-;-
T42;Frejol white kidney;268;1121;13.1;22.1;1.1;59.9;44.7;15.2;3.8;139;482;3.67;6.1;-;0;0.2;0.16;2.5;0;-;-;-
T43;Garbanzo, cocido;127;530;61.9;6.9;2.5;27.8;20.2;7.6;1;54;60;1.41;1.9;-;1;0;0.04;0.49;0;-;-;-
T44;Garbanzo;293;1225;10.8;17.6;5.4;63.3;45.9;17.4;3.1;120;370;3.06;5.95;0;0;0.38;0.38;2.8;5.4;-;29;1006
T45;Guaba fresco;141;590;63.3;10.7;0.7;24;-;-;1.3;115;128;-;3.1;-;0;0.19;0.13;0.65;12.9;-;-;-
T46;Guaba seco;346;1448;10.7;20.3;2.1;63.3;-;-;3.6;192;303;-;4.9;-;-;0.49;0.23;1.2;2.8;-;-;-
T47;Habas frescas, sin cáscara y sin vaina;134;562;60.6;11.3;0.8;25.9;21.7;4.2;1.4;31;137;0.58;2;-;18;0.3;0.09;1.4;28.5;-;6;364
T48;Habas secas con cáscara cruda;340;1423;11.5;23.8;1.5;60.1;-;-;3.1;197;413;-;13;-;-;0.39;0.3;4;8.6;-;63;1079
T49;Habas secas sin cáscara;233;976;13.6;25.9;2.4;55.3;30.3;25;2.8;48;395;3.14;8;-;3;0.34;0.31;3.4;2.4;-;63;1079
T50;Habas secas sin cáscara cocida;83;347;72.8;7.3;0.5;18.5;13.1;5.4;0.9;64;53;1.01;0.9;-;1;0;0.01;0.72;0.9;-;-;-
T51;Habas, harina de;310;1297;8.1;22.4;2.3;64.6;52.5;12.1;2.7;67;393;3.43;4.63;-;3;0.36;0.27;2.84;4.7;-;-;-
T52;Lentejas chicas;211;883;13;22.6;1;61;30.5;30.5;2.4;73;375;4.78;7.6;-;2;0.21;0.29;2.9;5.5;-;-;-
T53;Lentejas chicas cocidas;65;274;74.6;6.4;0.1;18.3;10.4;7.9;0.6;43;80;1.27;1.7;-;0;0;0.07;0.5;0;-;-;-
T54;Lentejas grandes;214;895;12.4;23.2;1.1;61;30.5;30.5;2.3;71;263;4.78;4.8;-;2;0.34;0.25;2.17;4.4;-;-;-
T55;Pallar morado;259;1082;12.1;20;1.3;62.8;43.8;19;3.8;51;358;2.83;3.8;-;0;0.5;0.57;2.52;0;-;-;-
T56;Pallar seco;253;1060;11.6;20.4;1.2;61.4;42.4;19;5.4;70;318;2.83;6.7;-;0;0.28;0.28;3.2;7.5;-;55;576
T57;Pallar sin cáscara;260;1088;12.2;21.6;1.4;61.6;42.6;19;3.2;38;205;2.83;5.2;-;0;0.55;0.21;2.25;0;-;55;576
T58;Pallar cocido, con cáscara;94;393;68.1;7.7;0.8;21.9;14.9;7;1.5;28;34;0.93;1.28;-;0;0;0.02;0.59;0.1;-;-;-
T59;Arveja colantao, fresca;35;147;88.5;3.1;0.1;7.8;5.9;2;0.5;-;-;-;1.06;54;9;0.12;-;-;27.05;-;11;-
T60;Arveja, harina de;306;1280;8.2;19.9;2.4;67;53.3;13.7;2.5;81;-;2.98;4.36;0;0;-;-;-;1;-;-;-
T61;Arveja verde partida sancochada;120;503;65.6;10.1;1.8;21.8;17.3;4.5;0.7;47;125;1.3;1.61;0;0;0.23;0.05;0.92;0;-;8;174
T62;Caza o parka;342;1432;11;25.1;2;58.6;-;-;3.3;176;290;-;3.4;-;-;0.4;0.09;-;3.1;-;-;-
T63;Frejol bayo sancochado;111;463;63.8;9.8;0.9;24.3;16.9;7.3;1.2;59;150;1.66;3.19;0;0;0.16;0.07;0.46;0;-;18;272
T64;Frejol castilla sancochado;119;500;64.4;10.1;1.8;22.7;17.1;5.6;1;39;135;1.41;3.18;0;0;0.19;0.06;0.54;0;-;3;293
T65;Frejol chiclayo marron;334;1396;13.5;22.6;2.1;58.4;-;-;3.5;143;-;4.56;4.49;-;0;-;-;-;5;-;-;-
T66;Frejol chiclayo pindayllo;343;1436;11.6;25.1;2.9;57;-;-;3.4;143;-;4.15;6.65;-;0;-;-;-;5;-;-;-
T67;Frejol chiclayo rojo;335;1403;13.5;21.8;2.5;58.8;-;-;3.5;143;-;4.4;4.56;-;0;-;-;-;5;-;-;-
T68;Frejol de Iberia;343;1436;10;22.7;1.3;62.3;-;-;3.7;131;419;-;5.4;-;-;0;0;-;0;-;-;-
T69;Frejol negro sancochado;104;435;64.4;9.8;1.7;22.8;13.8;9.1;1.3;64;175;1.19;2.3;0;0;0.17;0.08;0.74;0;-;19;364
T70;Frejol ñuña;271;1134;11.3;19.1;1.2;64.6;47.9;16.7;3.9;143;-;2.22;4.13;-;0;-;-;-;5;-;-;-
T71;Frejol panamito sancochado;106;445;62.5;9.5;1.4;25.4;15.1;10.3;1.1;78;125;1.1;1.95;0;0;0.16;0.06;0.49;0;-;5;292
T72;Frejol soya, bebida (leche de soya UHT);49;206;88.8;3;1.8;6;-;-;0.5;54;-;0.35;0.71;-;130;-;-;-;-;-;49;128
T73;Frejol soya, cocido;176;735;62.8;15.3;9.2;11.1;-;-;1.5;-;-;1.72;1.87;-;-;-;-;-;-;-;-;-
T74;Frejol soya, harina integral;359;1503;8;37.4;23;26.4;9.2;17.2;5.3;-;-;4.4;6.3;-;-;-;-;-;-;-;-;-
T75;Frejol soya, harina integral tostada;433;1814;6.5;40.5;23.4;23.9;-;-;5.8;-;-;4.44;6.65;-;-;-;-;-;-;-;-;-
T76;Frejol ucayalino;334;1398;13.5;21.7;2.3;58.8;-;-;3.7;83;-;3.48;5.44;-;0;-;-;-;-;-;-;-
T77;Frejol zarandaja sancochado;114;478;62.6;9.9;1;25.5;17.6;7.9;1;38;135;0.83;2.09;0;0;0.11;0.05;0.39;0;-;3;319
T78;Gigante rojo, cáscara del grano;348;1456;10.3;4.4;0.7;80.3;-;-;4.3;637;32;-;2.1;-;-;0.05;0.19;-;0;-;-;-
T79;Gigante rojo, cáscara fresca del grano;125;523;67.4;2.7;0.2;28;-;-;1.7;150;56;-;0.5;-;-;0.01;0.09;-;2.6;-;-;-
T80;Gigante rojo, pulpa fresca;166;695;56;16.3;0.6;25.7;-;-;1.4;76;241;-;0.9;-;-;0.33;0.03;-;18;-;-;-
T81;Gigante rojo, pulpa seca;333;1395;12;31.6;1.3;52.3;-;-;2.8;109;504;-;3.6;-;-;0.72;0.1;-;0;-;-;-
T82;Hemico leguminoso;331;1387;12.6;25.6;1.7;56.1;-;-;4;170;446;-;7.2;-;-;0;0;-;0;-;-;-
T83;Pallar del río Manú;329;1376;13.4;22;0.9;60.2;-;-;3.5;186;327;-;4;-;-;0.25;0.11;-;2.9;-;-;-
T84;Poroto de cumbasa;357;1495;11;22.5;5.5;57.3;-;-;3.7;140;360;-;4;-;-;0.23;0.35;-;1.1;-;-;-
T85;Proteínas, (proteína de soya);350;1464;5.8;49.3;0.5;36;-;-;7.8;350;950;-;15;-;-;-;-;-;-;-;-;-
U1;Arracacha o racacha;94;392;72.4;1.1;0.3;25.2;22.9;2.3;0.9;28;45;0.11;0.41;1114;186;0.35;0.09;0.7;0;-;8;453
U2;Ashipa;170;713;55.3;1.4;0.3;42.7;40.8;1.9;0.3;29;25;0.16;4.8;-;1;0.06;0.09;0.12;2.1;-;-;-
U3;Camote amarillo sin cáscara;95;399;73.5;2;0;23.4;20.5;2.9;1.1;41;31;0.4;0.43;3100;517;0.14;0.03;0.67;22.46;-;-;-
U4;Camote blanco;114;478;68.8;1.7;0.1;28.3;-;-;1.1;26;33;-;2.5;-;9;0.14;0.04;0.7;12.9;-;-;-
U5;Camote morado sin cáscara;105;440;71.6;1.4;0.3;25.7;-;-;1;36;40;-;1.4;-;11;0.08;0.05;0.82;13.6;-;-;-
U6;Camote, harina de;341;1427;9.9;2.1;0.9;84.3;81.3;3;2.8;153;99;0.3;5.7;-;709;0.17;0.17;1.67;7.9;-;-;-
U7;Curao;62;258;82.5;1.6;0.1;14.7;-;-;1.1;22;59;-;1.8;-;14;0.08;0.06;0.48;3.3;-;-;-
U8;Koshñipa;135;565;63.2;1.6;0.2;33.6;-;-;1.4;108;138;-;0.3;-;-;0.06;0.13;0.54;58.5;-;-;-
U9;Kuros;93;391;74.5;1.8;0.2;22.6;-;-;0.9;11;59;-;0.5;-;0;0.14;0.04;1.66;9.4;-;-;-
U10;Llacón;51;215;86.6;0.3;0.3;12.5;-;-;0.3;23;21;-;0.3;-;12;0.02;0.11;0.34;13.1;-;-;-
U11;Maca (tubérculo seco);301;1258;15.3;11.8;1.6;66.3;-;-;5;247;183;-;14.7;-;-;0.2;0.35;-;2.5;-;-;-
U12;Maca silvestre;69;288;79.8;3.5;1;13.2;-;-;2.5;37;0;-;49.9;-;-;0.2;0.35;-;2.1;-;-;-
U13;Maca, afrechillo;316;1322;12;10.5;0.6;73.4;-;-;3.5;475;135;-;29.3;-;-;0.22;0.65;-;2;-;-;-
U14;Maca, almidón;350;1464;11;6.1;1.2;80.1;-;-;1.6;175;70;-;31.7;-;-;0.15;0.07;-;2.8;-;-;-
U15;Maca, pasta integral;310;1297;11.1;14;1;68.4;-;-;5.5;245;192;-;25;-;-;0.28;0.6;-;8;-;-;-
U16;Mashua;32;135;88;0.7;0.1;10.6;7.7;2.9;0.5;-;-;0.28;0.37;-;12;0.02;0.03;0.82;42.06;-;-;-
U17;Olluco sin cáscara;59;246;83.7;1.1;0.1;14.3;-;-;0.8;3;28;-;1.1;-;5;0.05;0.03;0.2;11.5;-;-;-
U18;Papa amarilla sin cáscara;101;423;73.2;2;0.4;23.3;22.9;0.4;1.1;6;52;0.29;0.4;-;0;0.07;0.06;1.85;9;-;-;-
U19;Papa blanca;87;363;74.5;2.1;0.1;22.3;19.9;2.4;1;9;47;0.29;0.5;-;0;0.09;0.09;1.67;14;-;-;-
U20;Papa chuño negro;333;1392;14.1;4;0.2;79.4;-;-;2.3;44;203;-;0.9;-;-;0.13;0.17;3.4;1.7;-;-;-
U21;Papa color morado deshidratada;324;1358;13.3;8.7;0.2;74.1;-;-;3.7;23;180;-;2.6;-;-;0.18;0.05;-;1.4;-;-;-
U22;Papa helada amarga;180;752;54.5;1.8;0.6;42.1;-;-;1;58;54;-;2.8;-;-;0.07;0.2;1.65;1;-;-;-
U23;Papa huayro con cáscara;71;295;81;1.9;0.1;15.9;-;-;1.1;10;61;0.33;0.73;-;0;0.08;0.03;1.15;8.6;-;-;-
U24;Papa moraya chuño pelado;323;1350;18.1;1.9;0.5;77.7;-;-;1.8;92;54;-;3.3;-;0;0.03;0.04;0.38;1.1;-;-;-
U25;Papa seca;322;1347;14.8;8.2;0.7;72.8;-;-;3.5;47;200;-;4.5;-;0;0.19;0.09;5;3.2;-;-;-
U26;Papa, harina de;308;1289;10.9;6.4;0.4;77.1;71.2;5.9;5.2;82;199;0.54;1;-;0;0.18;0.05;3.51;8.9;-;-;-
U27;Papas deshidratadas con lejía;319;1336;14;8;0.3;73.1;-;-;4.6;48;185;-;1.7;-;-;0.22;0.05;-;1.4;-;-;-
U28;Pituca o taro;82;343;73.7;1.6;0.5;23.2;19.1;4.1;1;50;41;0.23;1.2;-;4;0.03;0.06;0.72;4.4;-;-;-
U29;Pituca, harina de;342;1430;9.7;8.1;0.3;78.6;-;-;3.3;97;141;-;7;-;0;0.2;0.08;-;1.9;-;-;-
U30;Radiche;77;323;78;1.8;0.1;18.6;-;-;1.5;104;52;-;1.4;-;3;0.03;0.09;0.38;6;-;-;-
U31;Betarraga;18;76;91.3;2;0.3;5.4;2.7;2.7;1;24;30;0.32;0.31;4;1;0.03;0.04;0.33;51.78;-;-;-
U32;Sachapapa;96;401;72.2;1.8;1.5;23.5;19.4;4.1;1;3;30;0.24;0.7;-;7;0.09;0.03;0.44;3.1;-;-;-
U33;Sachapapa blanca, bulbo;126;527;67.2;2.5;0.1;29.4;-;-;0.8;4;38;-;0.6;-;-;0.1;0.02;-;0.8;-;-;-
U34;Yuca amarilla fresca sin cáscara;147;613;59;0.6;0.2;39.1;37.3;1.8;1.1;35;62;0.24;0.4;-;1;0.03;0.04;0.66;36.3;-;-;-
U35;Yuca asada;168;702;53.7;0.6;0.3;44.4;42.6;1.8;1;29;69;0.24;0.2;-;1;0.02;0.01;0.79;22.9;-;-;-
U36;Yuca blanca fresca sin cáscara;115;480;65.8;0.7;0.5;31.8;28.3;3.5;1.3;25;52;0.63;0.19;0;0;0.05;0.41;0.98;19.08;-;-;-
U37;Yuca blanca sancochada;136;569;62;0.5;0.2;36.4;34.6;1.8;0.9;26;60;0.24;0.2;-;1;0.02;0.02;0.53;22.7;-;-;-
U38;Yuca, harina de;333;1392;17.1;0.3;0.1;82.2;82.1;0.1;0.4;155;110;0.06;1.31;-;0;0.08;0.07;1.6;13.6;-;-;-
U39;Achira blanca (rizoma, raíz);96;402;73.2;1.4;0.1;23.8;-;-;1.5;13;58;-;0.7;-;-;0.04;0.05;-;0.7;-;-;-
U40;Achira morada (rizoma, raíz);94;393;74;1.4;0.1;23.2;-;-;1.3;17;91;-;1.4;-;-;0.3;0.04;-;0.1;-;-;-
U41;Camote de Huarayoc;106;445;71;1.6;0.2;26.1;-;-;1.1;6;40;-;0.5;-;-;0.12;0.04;-;12;-;-;-
U42;Camote deshidratado;333;1391;11;3.7;0.7;82.4;-;-;2.2;120;36;-;2.9;-;-;0.23;0.23;-;0.8;-;-;-
U43;Camote deshidratado tratado con lejía;327;1369;11.5;5.3;0.8;79.6;-;-;2.8;73;118;-;1.9;-;-;0.25;0.06;-;0.5;-;-;-
U44;Cushusho (tubérculo);287;1202;15.7;16.3;0.5;61.9;-;-;5.6;209;360;-;42.5;-;-;0.28;0.3;-;0;-;-;-
U45;Dale - Dale (tubérculo);115;483;67;4.3;0.2;26.5;-;-;2;147;104;-;0.8;-;-;0.11;0.06;-;2.7;-;-;-
U46;Iguana papa (tubérculo);77;322;78;5;0.2;15.3;-;-;1.5;322;39;-;0.7;-;-;0.12;0.05;-;5.6;-;-;-
U47;Maca, harina de;328;1374;6.6;8.7;4.1;78.9;70.3;8.6;1.7;61;250;2;7.97;-;-;-;-;-;-;-;3;609
U48;Nopu - zumaca (tubérculo);143;596;59.8;7.1;0.4;31.1;-;-;1.6;48;115;-;1.1;-;-;0.13;0.05;-;0;-;-;-
U49;Oca deshidratada (ccaya);311;1300;15.3;4.3;1.1;75.4;-;-;3.9;52;171;-;9.9;-;0;0.04;0.08;0.85;2.4;-;-;-
U50;Oca sin cáscara;53;221;83;0.7;0;15.6;13.1;2.4;0.7;-;-;0.14;0.47;-;0;0.01;0.06;0.61;23.92;-;-;-
U51;Oca variedad nativa ccaya oga con cáscara;29;122;82.6;0.8;0.4;15.4;6.2;9.2;0.9;-;-;-;3.84;-;-;-;-;-;30.85;-;-;-
U52;Oca variedad nativa garwuaricra con cáscara;28;118;84.5;0.9;0.4;13.5;5.9;7.6;0.7;-;-;-;0.79;-;-;-;-;-;32.32;-;-;-
U53;Papa canchan;66;275;77.4;2.4;0.1;19.1;14.4;4.7;0.9;26;40;0.24;0.45;0;0;0.62;0.07;0.41;0;-;8;477
U54;Papa, chuño negro, harina de;322;1347;15.3;5.8;0.1;75.6;-;-;3.2;-;-;0.94;23.01;-;-;-;-;-;-;-;-;-
U55;Papa moraya, harina de;332;1390;16.5;2.3;0.1;80.6;-;-;0.5;65;168;0.59;15.63;-;0;0.23;0.05;3.51;4;-;-;-
U56;Papa negra andina;63;262;81;1.8;0.4;16.2;13.6;2.6;0.6;19;40;0.22;0.52;0;0;0.47;0.26;0.42;3.15;-;6;295
U57;Papa sin cáscara, variedad amarilis;64;269;81.7;2.1;0.1;15.4;14.4;1.1;0.8;30;38;0.26;0.79;-;0;0;0;1.2;0;-;-;-
U58;Papa sin cáscara, variedad huevo de indio;84;350;75.8;2.1;0.2;21.1;19.1;1.9;0.9;30;38;0.31;0.51;-;0;0;0;1;0;-;-;-
U59;Papa sin cáscara, variedad tumbay;86;360;75.5;2;0.1;21.5;19.8;1.7;1;30;38;0.28;0.36;0;0;0;0;1.2;0;-;-;-
U60;Papa sin cáscara, variedad única;77;320;77.8;2.3;0.2;19;17.1;1.9;0.7;30;38;0.32;0.46;-;0;0;0;0.7;0;-;-;-
U61;Papa sin cáscara, variedad Yungay;86;360;77.1;2.1;0.1;19.9;-;-;0.9;30;38;0.25;0.45;-;0;-;-;-;6.2;-;-;-
U62;Papa variedad nativa capulí con cáscara;115;483;65.7;1.2;0.3;31.5;27.1;4.3;1.3;5;-;-;1.72;-;-;-;-;-;23.7;-;-;-
U63;Papa variedad nativa caramarquina con cáscara;98;408;69.3;1.7;0.3;27.5;22.4;5;1.2;6;-;-;1.1;-;-;-;-;-;22.62;-;-;-
U64;Papa variedad nativa chimbina amarilla con cáscara;68;285;75.3;2.3;0.2;21;14.8;6.2;1.2;-;-;-;0.69;-;-;-;-;-;20.37;-;-;-
U65;Papa variedad nativa huagalina con cáscara;54;225;77.9;2.4;0.2;18.3;11.2;7.1;1.2;-;-;-;0.56;-;-;-;-;-;24.44;-;-;-
U66;Papa variedad nativa hualash con cáscara;54;224;78.6;2;0.4;17.6;11;6.6;1.4;6;-;-;0.56;-;-;-;-;-;25.08;-;-;-
U67;Papa variedad nativa huayro con cáscara;76;319;75.1;1.7;0.2;21.8;17.3;4.5;1.1;-;-;-;0.53;-;-;-;-;-;26.33;-;-;-
U68;Papa variedad nativa huevo de toro con cáscara;72;301;73.8;2.4;0.3;22.4;15.6;6.8;1.1;-;-;-;0.66;-;-;-;-;-;18.94;-;-;-
U69;Papa variedad nativa limeña con cáscara;68;286;75.2;2.5;0.3;20.9;14.6;6.3;1.2;-;-;-;0.53;-;-;-;-;-;19.47;-;-;-
U70;Papa variedad nativa maga blanca con cáscara;65;271;76.8;3;0.3;18.9;13.5;5.4;1.1;-;-;-;0.42;-;-;-;-;-;22.98;-;-;-
U71;Papa variedad nativa peruanita con cáscara;78;327;74.1;2;0.3;22.4;17.3;5.1;1.2;-;-;-;0.38;-;-;-;-;-;17.74;-;-;-
U72;Papa variedad nativa puca pampamachay con cáscara;81;339;71.9;2;0.2;24.8;18.3;6.4;1.1;6;-;-;1.28;-;-;-;-;-;22.1;-;-;-
U73;Papa variedad nativa puca pishgosh con cáscara;99;416;68.8;1.9;0.5;27.5;22.4;5;1.5;11;-;-;1.01;-;-;-;-;-;22.11;-;-;-
U74;Papa variedad nativa quinuapa tulum con cáscara;70;293;74.3;1.9;0.5;21.8;15.1;6.7;1.6;7;-;-;0.95;-;-;-;-;-;26.64;-;-;-
U75;Papa variedad nativa sapa negra con cáscara;72;301;73.7;2.2;0.3;22.6;15.7;6.9;1.2;-;-;-;0.74;-;-;-;-;-;30.22;-;-;-
U76;Papa variedad nativa yana shaque con cáscara;108;450;67.6;1.8;0.4;29.1;24.7;4.5;1.1;6;-;-;0.86;-;-;-;-;-;24.02;-;-;-
U77;Quillu uncucha (tubérculo);146;610;59;4.5;0.2;34.3;-;-;2;54;224;-;2;-;-;0.21;0.05;-;4;-;-;-
U78;Sachapapa, bulbo aéreo;138;577;64.6;2.3;0.3;32;-;-;0.8;11;84;-;0.7;-;-;0.08;0.04;-;3.5;-;-;-
U79;Tallapaqui culli (tubérculo);72;302;79.5;2;0.2;16.9;-;-;1.4;31;45;-;1.8;-;-;0.03;0.04;-;0.5;-;-;-
U80;Tallapaqui yurak (tubérculo);88;367;75.6;2;0.1;21.2;-;-;1.1;23;44;-;1.2;-;-;0.11;0.06;-;0.8;-;-;-
U81;Yuca de moja;160;670;57;1.5;0.2;40.2;-;-;1.1;26;46;-;0.8;-;-;0.03;0.04;-;5.6;-;-;-
